ID;Stress;Resolucao;UF;Cidade;Origem_reclamacao;Data_reclamacao;Data_primeira_interacao;Problemas;Nota;Retorno_negocio;Quantidade_interacoes;Data_criacao_ultima_interacao;tempo_espera_primeira;tempo_total_atendimento;dia_semana_reclamacao;dia_semana_primeira_interacao;dia_semana_ultima_interacao;ano_reclamacao;ano_primeira_interacao;ano_ultima_interacao;dia_reclamacao;dia_primeira_interacao;dia_ultima_interacao;mes_reclamacao;mes_primeira_interacao;mes_ultima_interacao;hora_reclamacao;hora_primeira_interacao;hora_ultima_interacao;min_reclamacao;min_primeira_interacao;min_ultima_interacao;grupo_notas
92717803;62,77239213;1;13;5;2;2019-06-25 23:51:23;2019-06-26 10:59:27;44;7;0;2;2019-07-01 19:03:46;668,0666666666667;8352,383333333333;1;2;0;2019;2019;2019;25;26;1;6;6;7;23;10;19;51;59;3;1
92509361;62,58227382;1;20;59;1;2019-06-18 09:17:17;2019-06-19 16:30:58;9;5;0;2;2019-06-27 16:49:08;1873,6833333333334;13411,85;1;2;3;2019;2019;2019;18;19;27;6;6;6;9;16;16;17;30;49;0
92517351;38,34168692;1;8;9;1;2019-06-18 12:05:05;2019-06-18 12:23:37;37;2;0;3;2019-06-21 17:21:50;18,533333333333335;4636,75;1;1;4;2019;2019;2019;18;18;21;6;6;6;12;12;17;5;23;21;0
92518107;59,22667672;1;5;32;1;2019-06-18 12:22:43;2019-06-18 16:27:18;14;10;1;2;2019-06-25 18:44:54;244,58333333333334;10462,183333333332;1;1;1;2019;2019;2019;18;18;25;6;6;6;12;16;18;22;27;44;2
92519057;59,12084005;1;20;163;2;2019-06-18 12:46:35;2019-06-25 15:35:50;36;8;0;2;2019-07-02 11:16:46;10249,25;20070,183333333334;1;1;1;2019;2019;2019;18;25;2;6;6;7;12;15;11;46;35;16;2
92519755;37,45199132;0;14;39;2;2019-06-18 13:04:27;2019-06-18 13:42:22;18;0;0;2;2019-06-21 14:03:53;37,916666666666664;4379,433333333333;1;1;4;2019;2019;2019;18;18;21;6;6;6;13;13;14;4;42;3;0
92520069;39,35047727;1;20;163;2;2019-06-18 13:12:21;2019-06-19 13:02:09;33;2;0;4;2019-06-27 13:47:20;1429,8;12994,983333333334;1;2;3;2019;2019;2019;18;19;27;6;6;6;13;13;13;12;2;47;0
92521163;68,55031158;1;10;124;1;2019-06-18 13:38:35;2019-06-18 16:20:26;34;10;1;2;2019-06-18 17:52:34;161,85;253,98333333333332;1;1;1;2019;2019;2019;18;18;18;6;6;6;13;16;17;38;20;52;2
92524415;57,94881541;0;17;101;2;2019-06-18 14:55:59;2019-06-19 11:04:14;41;0;0;2;2019-06-19 12:46:29;1208,25;1310,5;1;2;2;2019;2019;2019;18;19;19;6;6;6;14;11;12;55;4;46;0
92269524;72,6372925;0;17;118;0;2019-06-10 02:36:00;2019-06-11 11:50:38;18;0;0;2;2019-06-20 13:57:25;1994,6333333333334;15081,416666666666;0;1;3;2019;2019;2019;10;11;20;6;6;6;2;11;13;36;50;57;0
92075247;63,86773972;0;6;83;2;2019-06-03 02:22:33;2019-06-07 16:25:18;14;0;0;2;2019-06-25 01:32:42;6602,75;31630,15;0;4;1;2019;2019;2019;3;7;25;6;6;6;2;16;1;22;25;32;0
92076209;56,86826836;1;8;169;1;2019-06-03 08:08:21;2019-06-04 09:42:27;26;8;1;2;2019-06-06 15:39:13;1534,1;4770,866666666667;0;1;3;2019;2019;2019;3;4;6;6;6;6;8;9;15;8;42;39;2
92168575;34,12195136;1;15;47;2;2019-06-05 16:17:38;2019-06-05 17:17:58;25;9;1;2;2019-06-05 18:20:52;60,333333333333336;123,23333333333333;2;2;2;2019;2019;2019;5;5;5;6;6;6;16;17;18;17;17;20;2
92234803;55,18843502;1;20;77;1;2019-06-07 18:27:58;2019-06-10 16:28:12;28;10;1;2;2019-06-14 10:21:56;4200,233333333334;9593,966666666667;4;0;4;2019;2019;2019;7;10;14;6;6;6;18;16;10;27;28;21;2
92276379;53,57301877;1;20;149;2;2019-06-10 10:44:34;2019-06-12 10:24:49;47;10;1;2;2019-06-18 11:12:25;2860,25;11547,85;0;2;1;2019;2019;2019;10;12;18;6;6;6;10;10;11;44;24;12;2
91995337;67,77964603;1;20;50;1;2019-05-31 16:29:56;2019-06-03 15:43:59;10;5;0;2;2019-06-11 15:16:27;4274,05;15766,516666666666;4;0;1;2019;2019;2019;31;3;11;5;6;6;16;15;15;29;43;16;0
92031001;67,84410475;1;15;155;3;2019-06-06 09:14:12;2019-06-12 10:36:08;48;5;0;2;2019-06-13 21:10:46;8721,933333333332;10796,566666666668;3;2;3;2019;2019;2019;6;12;13;6;6;6;9;10;21;14;36;10;0
92031411;64,07875746;1;20;152;2;2019-06-03 12:22:33;2019-06-03 14:05:27;11;4;1;2;2019-06-07 11:09:18;102,9;5686,75;0;0;4;2019;2019;2019;3;3;7;6;6;6;12;14;11;22;5;9;0
92032160;69,96923784;1;11;63;0;2019-05-31 13:43:55;2019-06-06 12:31:50;42;10;1;2;2019-06-07 16:05:09;8567,916666666666;10221,233333333334;4;3;4;2019;2019;2019;31;6;7;5;6;6;13;12;16;43;31;5;2
92033695;41,19548629;0;20;163;2;2019-05-31 14:25:34;2019-05-31 15:08:36;21;0;0;3;2019-06-14 09:09:55;43,03333333333333;19844,35;4;4;4;2019;2019;2019;31;31;14;5;5;6;14;15;9;25;8;9;0
92037651;63,12229754;1;20;135;1;2019-05-31 16:14:30;2019-06-03 12:14:46;45;5;0;2;2019-06-24 14:13:53;4080,266666666667;34439,38333333333;4;0;0;2019;2019;2019;31;3;24;5;6;6;16;12;14;14;14;13;0
92038491;69,31872501;1;20;41;1;2019-05-31 16:37:44;2019-06-03 12:47:52;4;10;1;4;2019-06-14 06:43:46;4090,133333333333;19566,033333333333;4;0;4;2019;2019;2019;31;3;14;5;6;6;16;12;6;37;47;43;2
92039693;57,70403958;1;20;163;1;2019-05-31 17:15:00;2019-06-01 08:26:28;8;8;0;2;2019-06-17 13:36:15;911,4666666666667;24261,25;4;5;0;2019;2019;2019;31;1;17;5;6;6;17;8;13;15;26;36;2
92039959;65,26060518;1;11;2;1;2019-05-31 17:22:40;2019-06-05 11:53:54;23;8;0;2;2019-07-01 12:46:32;6871,233333333334;44363,86666666667;4;2;0;2019;2019;2019;31;5;1;5;6;7;17;11;12;22;53;46;2
92040063;70,2610256;1;20;45;2;2019-05-31 17:25:46;2019-06-03 13:58:53;5;4;1;2;2019-06-24 09:51:28;4113,116666666667;34105,7;4;0;0;2019;2019;2019;31;3;24;5;6;6;17;13;9;25;58;51;0
92042701;34,58891005;1;5;174;2;2019-05-31 19:06:58;2019-06-01 12:24:44;44;6;0;2;2019-06-27 14:22:55;1037,7666666666667;38595,95;4;5;3;2019;2019;2019;31;1;27;5;6;6;19;12;14;6;24;22;0
92042783;59,6840468;1;15;132;2;2019-05-31 19:10:48;2019-06-05 11:32:47;13;10;1;2;2019-06-26 18:24:21;6741,983333333334;37393,55;4;2;2;2019;2019;2019;31;5;26;5;6;6;19;11;18;10;32;24;2
92043847;65,77766938;1;20;159;2;2019-05-31 20:00:42;2019-06-01 14:48:57;25;8;1;2;2019-06-26 15:09:10;1128,25;37148,46666666667;4;5;2;2019;2019;2019;31;1;26;5;6;6;20;14;15;0;48;9;2
92044053;76,05079498;1;20;103;2;2019-05-31 20:09:23;2019-06-01 09:11:56;27;10;1;2;2019-06-02 15:24:46;782,55;2595,383333333333;4;5;6;2019;2019;2019;31;1;2;5;6;6;20;9;15;9;11;24;2
92044293;36,38839818;1;20;60;1;2019-05-31 20:21:45;2019-06-01 10:55:39;3;5;0;2;2019-06-12 10:50:06;873,9;16708,35;4;5;2;2019;2019;2019;31;1;12;5;6;6;20;10;10;21;55;50;0
92044787;66,03565056;1;20;159;2;2019-06-03 12:04:40;2019-06-03 17:39:04;41;8;1;2;2019-06-26 15:11:35;334,4;33306,916666666664;0;0;2;2019;2019;2019;3;3;26;6;6;6;12;17;15;4;39;11;2
92045263;42,04400426;1;20;154;2;2019-05-31 21:06:39;2019-06-01 12:01:14;22;7;1;2;2019-06-23 15:54:48;894,5833333333334;32808,15;4;5;6;2019;2019;2019;31;1;23;5;6;6;21;12;15;6;1;54;1
92045317;68,44305868;1;2;136;1;2019-05-31 21:09:08;2019-06-01 10:02:07;7;5;0;2;2019-06-03 14:12:33;772,9833333333333;3903,4166666666665;4;5;0;2019;2019;2019;31;1;3;5;6;6;21;10;14;9;2;12;0
92045529;69,57921059;1;8;9;1;2019-05-31 21:20:55;2019-06-01 09:32:18;39;10;1;2;2019-06-07 17:27:30;731,3833333333333;9846,583333333334;4;5;4;2019;2019;2019;31;1;7;5;6;6;21;9;17;20;32;27;2
92046719;35,85653195;1;18;156;2;2019-05-31 22:32:46;2019-06-01 09:06:42;28;10;1;2;2019-06-08 01:59:33;633,9333333333333;10286,783333333333;4;5;5;2019;2019;2019;31;1;8;5;6;6;22;9;1;32;6;59;2
92046973;71,98043579;0;20;120;1;2019-05-31 22:54:04;2019-06-03 10:52:08;43;0;0;3;2019-06-04 19:56:38;3598,0666666666666;5582,566666666667;4;0;1;2019;2019;2019;31;3;4;5;6;6;22;10;19;54;52;56;0
92049787;60,46089066;1;20;60;3;2019-06-01 08:49:39;2019-06-01 11:01:45;19;5;0;2;2019-06-12 10:49:26;132,1;15959,783333333333;5;5;2;2019;2019;2019;1;1;12;6;6;6;8;11;10;49;1;49;0
92050111;54,85654357;1;8;9;2;2019-06-01 09:14:17;2019-06-03 17:28:25;32;10;1;2;2019-06-04 21:56:32;3374,133333333333;5082,25;5;0;1;2019;2019;2019;1;3;4;6;6;6;9;17;21;14;28;56;2
92050215;55,4021122;1;20;130;2;2019-06-01 09:20:53;2019-06-01 11:53:34;16;7;0;2;2019-06-01 12:50:58;152,68333333333334;210,08333333333334;5;5;5;2019;2019;2019;1;1;1;6;6;6;9;11;12;20;53;50;1
92052111;72,41929882;1;8;108;1;2019-06-01 11:08:27;2019-06-04 10:16:16;48;0;0;2;2019-06-16 11:35:27;4267,816666666667;21627,0;5;1;6;2019;2019;2019;1;4;16;6;6;6;11;10;11;8;16;35;0
92054283;64,34718396;1;15;160;3;2019-06-01 12:58:29;2019-06-03 16:26:27;15;0;0;2;2019-06-03 16:35:18;3087,9666666666667;3096,8166666666666;5;0;0;2019;2019;2019;1;3;3;6;6;6;12;16;16;58;26;35;0
92054805;54,99971899999999;0;15;132;2;2019-06-01 13:28:05;2019-06-03 14:32:50;46;0;0;3;2019-06-24 22:58:45;2944,75;33690,666666666664;5;0;0;2019;2019;2019;1;3;24;6;6;6;13;14;22;28;32;58;0
92055075;68,56676858;0;20;144;3;2019-06-01 13:45:12;2019-06-03 12:36:50;24;0;0;5;2019-06-18 14:00:36;2811,633333333333;24495,4;5;0;1;2019;2019;2019;1;3;18;6;6;6;13;12;14;45;36;0;0
92055290;30,71232925;1;8;43;0;2019-06-01 13:59:10;2019-06-03 17:27:41;29;10;1;3;2019-06-17 11:42:14;3088,516666666667;22903,066666666666;5;0;0;2019;2019;2019;1;3;17;6;6;6;13;17;11;59;27;42;2
92058369;32,21510903;1;20;152;2;2019-06-01 17:22:04;2019-06-03 16:03:46;6;10;1;2;2019-06-03 17:38:50;2801,7;2896,766666666667;5;0;0;2019;2019;2019;1;3;3;6;6;6;17;16;17;22;3;38;2
92059617;64,29663912;1;20;163;2;2019-06-01 18:56:23;2019-06-03 15:33:25;31;10;1;2;2019-06-03 17:43:55;2677,0333333333333;2807,5333333333333;5;0;0;2019;2019;2019;1;3;3;6;6;6;18;15;17;56;33;43;2
92059911;62,96780076;1;20;163;1;2019-06-01 19:19:33;2019-06-03 10:52:46;35;8;1;3;2019-06-18 09:37:09;2373,2166666666667;23897,6;5;0;1;2019;2019;2019;1;3;18;6;6;6;19;10;9;19;52;37;2
92062009;46,16379713;1;15;132;2;2019-06-01 22:02:14;2019-06-03 18:10:22;12;2;0;2;2019-06-06 23:17:06;2648,133333333333;7274,866666666667;5;0;3;2019;2019;2019;1;3;6;6;6;6;22;18;23;2;10;17;0
92066301;58,40115600000001;1;8;140;1;2019-06-02 11:46:26;2019-06-03 13:55:13;40;8;1;3;2019-06-10 14:18:50;1568,7833333333333;11672,4;6;0;0;2019;2019;2019;2;3;10;6;6;6;11;13;14;46;55;18;2
92067295;67,20900279;1;8;139;1;2019-06-02 13:01:56;2019-06-03 12:36:21;17;10;1;2;2019-06-03 12:39:48;1414,4166666666667;1417,8666666666666;6;0;0;2019;2019;2019;2;3;3;6;6;6;13;12;12;1;36;39;2
92049410;38,03039805;1;20;162;0;2019-06-01 08:11:50;2019-06-01 08:41:16;20;7;1;2;2019-06-10 18:37:01;29,433333333333334;13585,183333333332;5;5;0;2019;2019;2019;1;1;10;6;6;6;8;8;18;11;41;37;1
91927849;38,54517832;1;20;163;2;2019-05-31 15:56:39;2019-06-05 10:06:02;30;9;1;2;2019-06-09 20:36:56;6849,383333333333;13240,283333333333;4;2;6;2019;2019;2019;31;5;9;5;6;6;15;10;20;56;6;36;2
91935247;58,97113801;1;20;163;2;2019-06-04 09:35:57;2019-06-07 09:31:55;28;9;1;2;2019-06-07 10:02:40;4315,966666666666;4346,716666666666;1;4;4;2019;2019;2019;4;7;7;6;6;6;9;9;10;35;31;2;2
92041496;70,63266983;0;20;163;0;2019-05-31 18:20:48;2019-06-03 15:50:31;1;1;0;2;2019-06-13 16:37:44;4169,716666666666;18616,933333333334;4;0;3;2019;2019;2019;31;3;13;5;6;6;18;15;16;20;50;37;0
92067452;62,84389566;1;4;15;0;2019-06-06 09:38:59;2019-06-06 11:30:53;46;4;1;2;2019-06-21 19:12:43;111,9;22173,733333333334;3;3;4;2019;2019;2019;6;6;21;6;6;6;9;11;19;38;30;12;0
92067669;40,18102211;1;5;173;2;2019-06-10 15:26:14;2019-06-24 12:15:17;10;7;1;2;2019-06-24 13:30:51;19969,05;20044,616666666665;0;0;0;2019;2019;2019;10;24;24;6;6;6;15;12;13;26;15;30;1
92069641;61,89899504;0;20;163;2;2019-06-02 16:51:27;2019-06-03 14:22:15;0;0;0;3;2019-06-12 18:13:42;1290,8;14482,25;6;0;2;2019;2019;2019;2;3;12;6;6;6;16;14;18;51;22;13;0
92074401;33,61115575;0;14;39;1;2019-06-02 23:39:45;2019-06-04 12:38:48;9;5;0;3;2019-06-26 12:03:41;2219,05;33863,933333333334;6;1;2;2019;2019;2019;2;4;26;6;6;6;23;12;12;39;38;3;0
92319963;47,10071032;1;8;9;2;2019-06-11 12:53:52;2019-06-12 13:38:31;19;9;1;2;2019-06-24 10:34:06;1484,65;18580,233333333334;1;2;0;2019;2019;2019;11;12;24;6;6;6;12;13;10;53;38;34;2
92376389;58,97071907;1;20;72;3;2019-06-13 08:15:40;2019-06-14 09:14:35;23;10;1;2;2019-06-14 09:46:45;1498,9166666666667;1531,0833333333333;3;4;4;2019;2019;2019;13;14;14;6;6;6;8;9;9;15;14;46;2
92385665;57,27918386;1;12;78;2;2019-06-13 12:02:25;2019-06-13 14:54:12;3;10;1;2;2019-06-13 15:01:23;171,78333333333333;178,96666666666667;3;3;3;2019;2019;2019;13;13;13;6;6;6;12;14;15;2;54;1;2
92385951;61,61261179;1;20;122;1;2019-06-13 12:08:52;2019-06-13 14:35:12;22;9;1;2;2019-06-14 22:36:33;146,33333333333334;2067,6833333333334;3;3;4;2019;2019;2019;13;13;14;6;6;6;12;14;22;8;35;36;2
92386011;39,70816169;1;20;26;2;2019-06-13 12:10:08;2019-06-14 12:56:29;7;7;1;2;2019-06-14 13:02:29;1486,35;1492,35;3;4;4;2019;2019;2019;13;14;14;6;6;6;12;12;13;10;56;2;1
92387039;60,93529374;0;20;166;1;2019-06-13 12:34:24;2019-06-19 13:03:18;28;0;0;2;2019-06-24 16:38:25;8668,9;16084,016666666666;3;2;0;2019;2019;2019;13;19;24;6;6;6;12;13;16;34;3;38;0
92273243;59,98562149999999;1;8;16;2;2019-06-10 09:40:15;2019-06-11 17:49:49;33;6;1;2;2019-06-17 13:01:33;1929,5666666666666;10281,3;0;1;0;2019;2019;2019;10;11;17;6;6;6;9;17;13;40;49;1;0
91629013;60,05351942;1;20;164;1;2019-06-03 12:20:46;2019-06-10 12:31:51;47;3;0;2;2019-06-17 14:22:35;10091,083333333334;20281,816666666666;0;0;0;2019;2019;2019;3;10;17;6;6;6;12;12;14;20;31;22;0
92086479;67,13198071;1;20;166;2;2019-06-03 12:31:23;2019-06-10 13:26:30;38;5;0;4;2019-06-13 08:00:36;10135,116666666667;14129,216666666667;0;0;3;2019;2019;2019;3;10;13;6;6;6;12;13;8;31;26;0;0
92087277;64,94457877;1;2;110;2;2019-06-03 12:49:41;2019-06-04 13:31:11;2;5;0;2;2019-06-06 12:33:40;1481,5;4303,983333333334;0;1;3;2019;2019;2019;3;4;6;6;6;6;12;13;12;49;31;33;0
92089626;58,54720392;1;2;116;0;2019-06-03 13:46:37;2019-06-03 16:13:25;42;10;1;2;2019-06-08 05:53:51;146,8;6727,233333333334;0;0;5;2019;2019;2019;3;3;8;6;6;6;13;16;5;46;13;53;2
92360925;37,75112461;0;15;132;2;2019-06-12 15:44:47;2019-06-14 13:03:58;42;4;0;2;2019-06-14 19:32:05;2719,1833333333334;3107,3;2;4;4;2019;2019;2019;12;14;14;6;6;6;15;13;19;44;3;32;0
92329531;61,91813485;1;20;163;1;2019-06-11 16:40:16;2019-06-17 11:01:58;29;8;1;2;2019-06-19 12:44:05;8301,7;11283,816666666668;1;0;2;2019;2019;2019;11;17;19;6;6;6;16;11;12;40;1;44;2
92274857;65,70968145;1;20;82;2;2019-06-10 10:14:04;2019-06-11 11:32:07;11;5;0;2;2019-06-25 20:37:25;1518,05;22223,35;0;1;1;2019;2019;2019;10;11;25;6;6;6;10;11;20;14;32;37;0
92330463;62,27358296;1;15;112;1;2019-06-11 17:03:18;2019-06-12 17:59:41;31;10;1;3;2019-06-16 08:44:01;1496,3833333333334;6700,716666666666;1;2;6;2019;2019;2019;11;12;16;6;6;6;17;17;8;3;59;44;2
92330589;59,83662945;0;20;67;2;2019-06-11 17:06:51;2019-06-27 16:14:09;35;0;0;3;2019-06-27 16:50:44;22987,3;23023,883333333335;1;3;3;2019;2019;2019;11;27;27;6;6;6;17;16;16;6;14;50;0
92329695;63,74723710000001;1;8;175;2;2019-06-11 16:44:33;2019-06-12 15:09:56;6;7;0;3;2019-06-18 12:58:23;1345,3833333333334;9853,833333333334;1;2;1;2019;2019;2019;11;12;18;6;6;6;16;15;12;44;9;58;1
92337239;38,78334625;1;20;1;1;2019-06-11 20:43:51;2019-06-12 17:32:32;12;7;1;2;2019-06-12 19:04:59;1248,6833333333334;1341,1333333333334;1;2;2;2019;2019;2019;11;12;12;6;6;6;20;17;19;43;32;4;1
92402565;56,66863707;1;12;157;1;2019-06-13 19:40:06;2019-06-14 14:22:00;15;10;1;5;2019-06-17 17:17:44;1121,9;5617,633333333333;3;4;0;2019;2019;2019;13;14;17;6;6;6;19;14;17;40;22;17;2
92276071;46,79792796;0;4;15;1;2019-06-10 10:39:10;2019-06-17 12:07:42;34;4;0;2;2019-06-19 17:51:04;10168,533333333333;13391,9;0;0;2;2019;2019;2019;10;17;19;6;6;6;10;12;17;39;7;51;0
92280893;52,70528816;0;20;53;1;2019-06-10 12:13:02;2019-06-11 17:30:11;11;6;0;2;2019-06-26 19:04:59;1757,15;23451,95;0;1;2;2019;2019;2019;10;11;26;6;6;6;12;17;19;13;30;4;0
92281773;55,88588306;1;15;132;2;2019-06-13 12:11:59;2019-06-14 13:23:54;39;10;1;2;2019-06-20 01:47:29;1511,9166666666667;9455,5;3;4;3;2019;2019;2019;13;14;20;6;6;6;12;13;1;11;23;47;2
92283588;60,58352041;0;14;65;0;2019-06-10 13:16:43;2019-06-12 11:11:12;2;0;0;6;2019-06-17 11:08:39;2754,483333333333;9951,933333333332;0;2;0;2019;2019;2019;10;12;17;6;6;6;13;11;11;16;11;8;0
92337893;62,99907466;1;20;163;1;2019-06-11 21:08:54;2019-06-12 10:18:34;40;10;0;2;2019-06-12 11:07:07;789,6666666666666;838,2166666666667;1;2;2;2019;2019;2019;11;12;12;6;6;6;21;10;11;8;18;7;2
92411014;52,0585805;1;20;67;0;2019-06-14 08:30:58;2019-06-18 09:21:51;6;5;0;2;2019-06-30 22:23:53;5810,883333333333;23872,916666666668;4;1;6;2019;2019;2019;14;18;30;6;6;6;8;9;22;30;21;23;0
92285839;58,37621278;1;4;15;1;2019-06-10 14:05:36;2019-06-11 15:15:06;42;6;1;2;2019-07-01 02:02:09;1509,5;29516,55;0;1;0;2019;2019;2019;10;11;1;6;6;7;14;15;2;5;15;2;0
92286825;68,59104206;1;8;9;2;2019-06-10 14:26:43;2019-06-11 12:42:31;21;10;1;2;2019-06-24 17:36:46;1335,8;20350,05;0;1;0;2019;2019;2019;10;11;24;6;6;6;14;12;17;26;42;36;2
92240307;55,69141727;0;15;99;2;2019-06-07 23:18:16;2019-06-11 09:51:49;20;2;0;2;2019-06-28 09:39:01;4953,55;29420,75;4;1;4;2019;2019;2019;7;11;28;6;6;6;23;9;9;18;51;39;0
92288845;62,56927802;0;20;36;1;2019-06-10 15:12:11;2019-06-12 17:43:19;45;0;0;2;2019-06-17 13:27:03;3031,133333333333;9974,866666666667;0;2;0;2019;2019;2019;10;12;17;6;6;6;15;17;13;12;43;27;0
92287641;49,14105267;1;20;23;2;2019-06-10 14:43:53;2019-06-11 17:29:54;30;6;1;2;2019-06-28 09:09:25;1606,0166666666667;25585,533333333333;0;1;4;2019;2019;2019;10;11;28;6;6;6;14;17;9;43;29;9;0
92244641;60,00236094;1;5;173;1;2019-06-08 10:38:03;2019-06-10 16:28:51;24;0;0;2;2019-06-18 09:47:13;3230,8;14349,166666666666;5;0;1;2019;2019;2019;8;10;18;6;6;6;10;16;9;38;28;47;0
92340215;60,14464916;1;13;102;1;2019-06-11 22:48:23;2019-06-12 12:15:31;17;4;1;3;2019-07-01 13:36:43;807,1333333333333;28248,333333333332;1;2;0;2019;2019;2019;11;12;1;6;6;7;22;12;13;48;15;36;0
92398562;60,88881141;1;8;96;0;2019-06-13 17:24:53;2019-06-14 12:53:31;32;10;1;2;2019-06-14 12:55:27;1168,6333333333334;1170,5666666666666;3;4;4;2019;2019;2019;13;14;14;6;6;6;17;12;12;24;53;55;2
92419781;57,20693284;1;8;128;1;2019-06-14 12:02:06;2019-06-26 11:39:03;0;10;1;3;2019-06-27 09:30:28;17256,95;18568,366666666665;4;2;3;2019;2019;2019;14;26;27;6;6;6;12;11;9;2;39;30;2
92400037;55,423477399999996;1;5;32;1;2019-06-13 18:11:36;2019-06-14 13:13:51;16;10;1;2;2019-06-21 10:08:24;1142,25;11036,8;3;4;4;2019;2019;2019;13;14;21;6;6;6;18;13;10;11;13;8;2
92400567;41,11280429999999;1;18;35;2;2019-06-13 18:28:42;2019-06-14 11:31:43;48;8;1;2;2019-06-14 11:58:06;1023,0166666666667;1049,4;3;4;4;2019;2019;2019;13;14;14;6;6;6;18;11;11;28;31;58;2
92405806;70,82385419;1;8;9;0;2019-06-13 21:50:34;2019-06-17 10:00:31;29;10;1;2;2019-06-17 12:18:54;5049,95;5188,333333333333;3;0;0;2019;2019;2019;13;17;17;6;6;6;21;10;12;50;0;18;2
92404685;39,37085843;0;11;10;1;2019-06-13 21:02:37;2019-06-28 10:26:38;24;0;0;2;2019-07-01 16:47:06;20964,016666666666;25664,483333333334;3;4;0;2019;2019;2019;13;28;1;6;6;7;21;10;16;2;26;47;0
92357931;40,05371977;0;20;81;2;2019-06-12 14:29:00;2019-06-14 16:20:38;38;0;0;2;2019-06-15 10:28:18;2991,633333333333;4079,3;2;4;5;2019;2019;2019;12;14;15;6;6;6;14;16;10;29;20;28;0
92357979;68,45960196;1;20;163;2;2019-06-12 14:30:13;2019-06-13 14:11:45;2;10;1;2;2019-06-19 17:55:29;1421,5333333333333;10285,266666666666;2;3;2;2019;2019;2019;12;13;19;6;6;6;14;14;17;30;11;55;2
92420955;39,52365656;1;15;106;2;2019-06-14 12:32:19;2019-06-14 15:16:36;9;8;1;3;2019-06-18 12:56:41;164,28333333333333;5784,366666666667;4;4;1;2019;2019;2019;14;14;18;6;6;6;12;15;12;32;16;56;2
92456587;57,39442735;0;20;59;1;2019-06-16 08:03:23;2019-06-18 18:10:30;13;5;0;2;2019-06-18 21:04:31;3487,116666666667;3661,133333333333;6;1;1;2019;2019;2019;16;18;18;6;6;6;8;18;21;3;10;4;0
92293995;44,7049226;1;3;52;1;2019-06-10 17:05:23;2019-06-11 14:17:27;8;7;1;2;2019-06-11 17:09:37;1272,0666666666666;1444,2333333333333;0;1;1;2019;2019;2019;10;11;11;6;6;6;17;14;17;5;17;9;1
92295247;37,95964412;1;8;56;1;2019-06-10 17:35:13;2019-06-12 12:18:05;23;7;1;4;2019-06-24 02:02:22;2562,866666666667;19227,15;0;2;0;2019;2019;2019;10;12;24;6;6;6;17;12;2;35;18;2;1
92244405;58,21533481;0;18;13;2;2019-06-08 10:27:56;2019-06-11 11:10:12;46;1;0;3;2019-06-12 10:22:45;4362,266666666666;5754,816666666667;5;1;2;2019;2019;2019;8;11;12;6;6;6;10;11;10;27;10;22;0
92295598;40,42690751;0;3;52;0;2019-06-10 17:44:20;2019-06-11 11:40:22;5;0;0;2;2019-06-11 16:13:50;1076,0333333333333;1349,5;0;1;1;2019;2019;2019;10;11;11;6;6;6;17;11;16;44;40;13;0
92369211;54,99960911;1;20;163;2;2019-06-12 20:11:18;2019-06-13 14:51:57;45;7;1;2;2019-06-18 12:01:02;1120,65;8149,733333333334;2;3;1;2019;2019;2019;12;13;18;6;6;6;20;14;12;11;51;1;1
92368949;52,72356162;1;20;163;1;2019-06-12 20:00:59;2019-06-14 15:40:52;30;1;0;2;2019-06-14 18:40:15;2619,883333333333;2799,266666666667;2;4;4;2019;2019;2019;12;14;14;6;6;6;20;15;18;0;40;40;0
92296646;58,4225603;0;20;95;0;2019-06-10 18:12:52;2019-06-11 12:00:19;1;8;0;2;2019-06-17 13:18:52;1067,45;9786,0;0;1;0;2019;2019;2019;10;11;17;6;6;6;18;12;13;12;0;18;2
92296711;58,72883326;1;8;9;1;2019-06-10 18:14:54;2019-06-11 09:52:28;44;6;0;2;2019-06-11 11:20:59;937,5666666666667;1026,0833333333333;0;1;1;2019;2019;2019;10;11;11;6;6;6;18;9;11;14;52;20;0
92297099;58,87563027;1;20;163;2;2019-06-10 18:27:32;2019-06-13 14:29:26;13;2;0;2;2019-06-14 18:06:37;4081,9;5739,083333333333;0;3;4;2019;2019;2019;10;13;14;6;6;6;18;14;18;27;29;6;0
92244117;35,60822517;1;20;73;1;2019-06-08 10:14:18;2019-06-10 11:19:04;15;9;1;2;2019-06-19 22:32:21;2944,766666666667;16578,05;5;0;2;2019;2019;2019;8;10;19;6;6;6;10;11;22;14;19;32;2
92411919;39,03772163;0;20;103;2;2019-06-14 09:04:00;2019-06-18 10:03:30;31;0;0;6;2019-06-26 11:35:27;5819,5;17431,45;4;1;2;2019;2019;2019;14;18;26;6;6;6;9;10;11;4;3;35;0
92343192;43,42591759;1;20;150;0;2019-06-12 07:51:53;2019-06-14 11:52:45;0;5;0;2;2019-06-17 07:00:58;3120,866666666667;7149,083333333333;2;4;0;2019;2019;2019;12;14;17;6;6;6;7;11;7;51;52;0;0
92299333;37,30191884;1;20;59;2;2019-06-10 19:38:07;2019-06-11 12:37:27;25;3;0;4;2019-06-24 21:47:21;1019,3333333333334;20289,233333333334;0;1;0;2019;2019;2019;10;11;24;6;6;6;19;12;21;38;37;47;0
92415083;41,42050557;1;20;127;1;2019-06-14 10:21:18;2019-06-17 14:22:11;35;6;1;2;2019-06-17 16:22:45;4560,883333333333;4681,45;4;0;0;2019;2019;2019;14;17;17;6;6;6;10;14;16;21;22;22;0
92300151;48,31844543;0;20;114;1;2019-06-10 20:03:04;2019-06-11 11:25:26;27;0;0;3;2019-06-14 07:53:27;922,3666666666667;5030,383333333333;0;1;4;2019;2019;2019;10;11;14;6;6;6;20;11;7;3;25;53;0
92171707;64,85070141;1;20;51;2;2019-06-05 18:12:36;2019-06-12 10:36:22;39;7;0;2;2019-06-20 12:03:07;9623,766666666666;21230,516666666666;2;2;3;2019;2019;2019;5;12;20;6;6;6;18;10;12;12;36;3;1
92172001;59,85230615;1;18;7;2;2019-06-05 17:32:17;2019-06-06 15:25:04;22;7;1;2;2019-06-06 15:39:47;1312,7833333333333;1327,5;2;3;3;2019;2019;2019;5;6;6;6;6;6;17;15;15;32;25;39;1
92174421;62,49901202;1;8;34;2;2019-06-13 10:56:31;2019-06-14 16:38:15;44;5;1;2;2019-06-23 21:08:36;1781,7333333333333;15012,083333333334;3;4;6;2019;2019;2019;13;14;23;6;6;6;10;16;21;56;38;8;0
92174863;65,84793405;0;20;163;2;2019-06-05 20:01:49;2019-06-07 09:53:55;28;0;0;4;2019-06-12 12:47:54;2272,1;9646,083333333334;2;4;2;2019;2019;2019;5;7;12;6;6;6;20;9;12;1;53;47;0
92180749;59,35062899;1;20;163;1;2019-06-06 02:03:22;2019-06-07 09:43:29;43;9;1;2;2019-07-02 18:35:33;1900,1166666666666;38432,183333333334;3;4;1;2019;2019;2019;6;7;2;6;6;7;2;9;18;3;43;35;2
92183055;60,81164288;1;20;49;2;2019-06-06 08:53:10;2019-06-07 16:50:00;20;5;1;2;2019-06-19 07:59:14;1916,8333333333333;18666,066666666666;3;4;2;2019;2019;2019;6;7;19;6;6;6;8;16;7;53;50;59;0
92183111;44,59401195;0;20;127;2;2019-06-06 08:55:05;2019-06-07 10:57:07;19;0;0;5;2019-06-22 07:52:54;1562,0333333333333;22977,816666666666;3;4;5;2019;2019;2019;6;7;22;6;6;6;8;10;7;55;57;52;0
92183301;51,61117184;1;3;90;2;2019-06-06 09:03:26;2019-06-07 16:46:59;32;10;1;2;2019-06-11 08:41:06;1903,55;7177,666666666667;3;4;1;2019;2019;2019;6;7;11;6;6;6;9;16;8;3;46;41;2
92184119;53,66914629;1;20;159;2;2019-06-06 09:29:53;2019-06-06 12:28:23;15;10;1;2;2019-06-18 10:14:44;178,5;17324,85;3;3;1;2019;2019;2019;6;6;18;6;6;6;9;12;10;29;28;14;2
92185170;37,385090399999996;1;20;163;0;2019-06-06 09:59:21;2019-06-07 10:09:29;24;0;0;2;2019-06-28 09:58:58;1450,1333333333334;31679,616666666665;3;4;4;2019;2019;2019;6;7;28;6;6;6;9;10;9;59;9;58;0
92185541;65,33071821;1;3;52;2;2019-06-06 10:09:55;2019-06-11 14:21:28;29;4;1;2;2019-06-11 14:35:04;7451,55;7465,15;3;1;1;2019;2019;2019;6;11;11;6;6;6;10;14;14;9;21;35;0
92186827;55,91989238;1;15;132;2;2019-06-06 10:41:14;2019-06-07 11:13:34;6;10;1;2;2019-06-07 21:35:14;1472,3333333333333;2094,0;3;4;4;2019;2019;2019;6;7;7;6;6;6;10;11;21;41;13;35;2
92189279;65,83275915;1;8;170;2;2019-06-06 11:36:29;2019-06-12 16:08:26;40;10;1;2;2019-06-18 19:46:37;8911,95;17770,133333333335;3;2;1;2019;2019;2019;6;12;18;6;6;6;11;16;19;36;8;46;2
92187909;62,02259059;1;2;136;2;2019-06-06 11:04:22;2019-06-07 11:27:54;35;5;0;2;2019-06-07 13:10:08;1463,5333333333333;1565,7666666666667;3;4;4;2019;2019;2019;6;7;7;6;6;6;11;11;13;4;27;10;0
92188382;66,38680946;0;8;44;0;2019-06-06 11:14:32;2019-06-11 09:48:02;12;1;0;3;2019-06-17 12:14:08;7113,5;15899,6;3;1;0;2019;2019;2019;6;11;17;6;6;6;11;9;12;14;48;14;0
92190541;69,90943905;0;1;40;2;2019-06-06 12:06:28;2019-06-10 13:00:30;17;0;0;2;2019-06-21 06:11:47;5814,033333333334;21245,316666666666;3;0;4;2019;2019;2019;6;10;21;6;6;6;12;13;6;6;0;11;0
92191931;60,528344700000005;1;15;47;2;2019-06-06 12:46:33;2019-06-25 12:23:50;0;4;0;2;2019-06-25 13:08:21;27337,283333333333;27381,8;3;1;1;2019;2019;2019;6;25;25;6;6;6;12;12;13;46;23;8;0
92193207;56,66553476;1;7;161;2;2019-06-06 13:24:37;2019-06-10 16:53:05;9;8;1;2;2019-06-19 13:56:47;5968,466666666666;18752,166666666668;3;0;2;2019;2019;2019;6;10;19;6;6;6;13;16;13;24;53;56;2
92193275;41,70520691;1;2;87;1;2019-06-06 13:26:14;2019-06-07 12:25:27;37;10;1;2;2019-07-02 16:02:53;1379,2166666666667;37596,65;3;4;1;2019;2019;2019;6;7;2;6;6;7;13;12;16;26;25;2;2
92193429;35,31656486;1;3;52;2;2019-06-06 13:29:33;2019-06-06 15:03:55;14;10;1;2;2019-06-06 15:20:11;94,36666666666666;110,63333333333334;3;3;3;2019;2019;2019;6;6;6;6;6;6;13;15;15;29;3;20;2
92195021;61,62864149;1;20;163;2;2019-06-06 14:09:59;2019-06-19 17:05:37;36;8;1;2;2019-06-24 14:02:17;18895,633333333335;25912,3;3;2;0;2019;2019;2019;6;19;24;6;6;6;14;17;14;9;5;2;2
92195668;36,02750523;1;13;134;0;2019-06-06 14:27:01;2019-06-06 14:46:31;26;5;0;2;2019-06-17 22:42:19;19,5;16335,3;3;3;0;2019;2019;2019;6;6;17;6;6;6;14;14;22;27;46;42;0
92196621;53,56930868;0;8;167;2;2019-06-06 14:48:22;2019-06-11 13:18:10;18;0;0;3;2019-06-14 15:17:01;7109,8;11548,65;3;1;4;2019;2019;2019;6;11;14;6;6;6;14;13;15;48;18;17;0
92197831;63,59316438;1;20;163;2;2019-06-06 15:21:27;2019-06-06 17:21:03;33;10;1;2;2019-06-13 10:34:10;119,6;9792,716666666667;3;3;3;2019;2019;2019;6;6;13;6;6;6;15;17;10;21;21;34;2
92198175;63,95585222;1;20;163;2;2019-06-06 15:29:39;2019-06-06 17:22:04;11;10;1;2;2019-06-13 10:34:32;112,41666666666667;9784,883333333333;3;3;3;2019;2019;2019;6;6;13;6;6;6;15;17;10;29;22;34;2
92198339;48,70867287;1;8;104;2;2019-06-06 15:33:56;2019-06-06 17:01:00;34;10;1;4;2019-06-26 15:33:57;87,06666666666666;28800,016666666666;3;3;2;2019;2019;2019;6;6;26;6;6;6;15;17;15;33;1;33;2
92200023;41,00913613;1;8;62;1;2019-06-06 16:21:13;2019-06-07 14:23:26;41;10;1;2;2019-06-07 14:29:47;1322,2166666666667;1328,5666666666666;3;4;4;2019;2019;2019;6;7;7;6;6;6;16;14;14;21;23;29;2
92200767;64,82887229;1;15;132;1;2019-06-06 16:42:45;2019-06-07 11:43:38;47;7;1;2;2019-06-11 14:00:21;1140,8833333333334;7037,6;3;4;1;2019;2019;2019;6;7;11;6;6;6;16;11;14;42;43;0;1
92201141;63,03386339;1;8;9;1;2019-06-06 16:52:57;2019-06-07 12:41:08;11;4;0;2;2019-06-07 18:59:38;1188,1833333333334;1566,6833333333334;3;4;4;2019;2019;2019;6;7;7;6;6;6;16;12;18;52;41;59;0
92201511;67,32043259;1;16;119;1;2019-06-06 17:02:36;2019-06-12 10:23:51;42;10;1;2;2019-06-21 09:02:26;8241,25;21119,833333333332;3;2;4;2019;2019;2019;6;12;21;6;6;6;17;10;9;2;23;2;2
92201511;67,32043259;1;16;119;1;2019-06-06 17:02:36;2019-06-12 10:23:51;38;10;1;2;2019-06-21 09:02:26;8241,25;21119,833333333332;3;2;4;2019;2019;2019;6;12;21;6;6;6;17;10;9;2;23;2;2
92201803;47,023178;1;15;132;2;2019-06-06 17:12:21;2019-06-07 12:56:36;21;10;1;2;2019-06-27 16:51:59;1184,25;30219,633333333335;3;4;3;2019;2019;2019;6;7;27;6;6;6;17;12;16;12;56;51;2
92201803;47,023178;1;15;132;2;2019-06-06 17:12:21;2019-06-07 12:56:36;2;10;1;2;2019-06-27 16:51:59;1184,25;30219,633333333335;3;4;3;2019;2019;2019;6;7;27;6;6;6;17;12;16;12;56;51;2
92417013;54,31821536;1;20;163;2;2019-06-14 11:02:15;2019-06-14 14:03:18;12;6;0;2;2019-06-26 09:13:48;181,05;17171,55;4;4;2;2019;2019;2019;14;14;26;6;6;6;11;14;9;2;3;13;0
92417139;62,99305635;1;8;108;1;2019-06-14 11:05:41;2019-06-17 17:55:50;40;6;0;2;2019-06-17 23:10:48;4730,15;5045,116666666667;4;0;0;2019;2019;2019;14;17;17;6;6;6;11;17;23;5;55;10;0
92417145;68,64684951;0;8;9;2;2019-06-14 11:05:49;2019-06-17 12:26:16;17;0;0;4;2019-06-19 10:02:23;4400,45;7136,566666666667;4;0;2;2019;2019;2019;14;17;19;6;6;6;11;12;10;5;26;2;0
92403057;62,449746700000006;1;12;147;2;2019-06-13 19:58:21;2019-06-14 13:23:55;46;10;1;2;2019-06-25 19:19:43;1045,5666666666666;17241,366666666665;3;4;1;2019;2019;2019;13;14;25;6;6;6;19;13;19;58;23;19;2
92303482;35,52969855;0;3;52;0;2019-06-10 22:00:28;2019-06-14 12:36:39;3;0;0;3;2019-06-14 13:28:50;5196,183333333333;5248,366666666667;0;4;4;2019;2019;2019;10;14;14;6;6;6;22;12;13;0;36;28;0
92303919;47,79715081;1;20;158;1;2019-06-12 08:59:56;2019-06-13 12:52:07;9;10;1;2;2019-06-27 14:29:27;1672,1833333333334;21929,516666666666;2;3;3;2019;2019;2019;12;13;27;6;6;6;8;12;14;59;52;29;2
92383747;65,36405629;1;20;163;2;2019-06-13 11:20:44;2019-06-14 15:50:14;13;10;1;2;2019-06-15 09:45:32;1709,5;2784,8;3;4;5;2019;2019;2019;13;14;15;6;6;6;11;15;9;20;50;45;2
92383855;59,66594101;1;4;15;2;2019-06-13 11:23:16;2019-06-14 11:38:50;25;10;0;2;2019-06-14 11:53:10;1455,5666666666666;1469,9;3;4;4;2019;2019;2019;13;14;14;6;6;6;11;11;11;23;38;53;2
92217111;70,5842782;1;8;79;1;2019-06-07 09:59:32;2019-06-07 12:41:35;5;8;1;2;2019-07-01 14:02:16;162,05;34802,73333333333;4;4;0;2019;2019;2019;7;7;1;6;6;7;9;12;14;59;41;2;2
92385365;54,87344658;1;15;155;2;2019-06-13 11:55:41;2019-06-14 11:27:43;27;7;1;2;2019-06-15 00:10:16;1412,0333333333333;2174,5833333333335;3;4;5;2019;2019;2019;13;14;15;6;6;6;11;11;0;55;27;10;1
92241204;42,23704392;0;2;136;0;2019-06-08 00:58:13;2019-06-10 09:59:35;32;0;0;2;2019-06-10 10:08:50;3421,366666666667;3430,616666666667;5;0;0;2019;2019;2019;8;10;10;6;6;6;0;9;10;58;59;8;0
92345609;61,66725565;1;2;136;2;2019-06-12 09:30:58;2019-06-14 18:00:41;37;7;1;2;2019-06-24 15:19:06;3389,7166666666667;17628,133333333335;2;4;0;2019;2019;2019;12;14;24;6;6;6;9;18;15;30;0;19;1
92345731;62,03135962;1;20;4;1;2019-06-12 09:34:24;2019-06-13 14:01:53;14;10;1;2;2019-06-19 12:37:04;1707,4833333333333;10262,666666666666;2;3;2;2019;2019;2019;12;13;19;6;6;6;9;14;12;34;1;37;2
92308231;41,87880509;1;20;59;2;2019-06-11 08:17:54;2019-06-12 15:02:17;22;10;1;2;2019-06-17 08:36:18;1844,3833333333334;8658,4;1;2;0;2019;2019;2019;11;12;17;6;6;6;8;15;8;17;2;36;2
92395543;51,87570856;1;20;163;2;2019-06-13 16:05:48;2019-06-13 17:28:27;20;10;1;4;2019-06-18 15:40:35;82,65;7174,783333333334;3;3;1;2019;2019;2019;13;13;18;6;6;6;16;17;15;5;28;40;2
92362601;59,00920623;1;2;136;2;2019-06-12 16:29:13;2019-06-12 17:25:11;21;10;1;2;2019-06-13 22:41:12;55,96666666666667;1811,9833333333333;2;2;3;2019;2019;2019;12;12;13;6;6;6;16;17;22;29;25;41;2
91960599;58,02277999;1;20;163;2;2019-06-04 10:15:44;2019-06-10 11:36:17;20;4;1;2;2019-06-11 17:22:58;8720,55;10507,233333333334;1;0;1;2019;2019;2019;4;10;11;6;6;6;10;11;17;15;36;22;0
92423621;54,61884203;1;20;103;2;2019-06-14 13:40:04;2019-06-17 11:41:13;14;10;1;2;2019-06-17 13:33:39;4201,15;4313,583333333333;4;0;0;2019;2019;2019;14;17;17;6;6;6;13;11;13;40;41;33;2
92425246;61,64654363;1;20;122;0;2019-06-14 14:19:37;2019-06-17 12:37:00;36;5;1;2;2019-06-21 22:21:16;4217,383333333333;10561,65;4;0;4;2019;2019;2019;14;17;21;6;6;6;14;12;22;19;37;21;0
92425775;46,39570243;1;17;19;2;2019-06-14 14:33:39;2019-06-17 12:45:59;26;10;0;2;2019-06-17 12:56:27;4212,333333333333;4222,8;4;0;0;2019;2019;2019;14;17;17;6;6;6;14;12;12;33;45;56;2
92428157;63,60114885;0;3;52;1;2019-06-14 15:32:44;2019-06-18 12:03:55;18;0;0;2;2019-06-30 12:31:55;5551,183333333333;22859,183333333334;4;1;6;2019;2019;2019;14;18;30;6;6;6;15;12;12;32;3;31;0
92428507;44,75532128;1;8;9;2;2019-06-14 15:42:07;2019-06-17 14:35:06;33;10;1;2;2019-06-17 18:15:38;4252,983333333334;4473,516666666666;4;0;0;2019;2019;2019;14;17;17;6;6;6;15;14;18;42;35;15;2
92428839;39,49089693;0;4;15;2;2019-06-14 15:51:15;2019-06-18 09:13:50;11;0;0;2;2019-06-21 15:06:46;5362,583333333333;10035,516666666666;4;1;4;2019;2019;2019;14;18;21;6;6;6;15;9;15;51;13;6;0
92429713;59,57947561;0;20;149;2;2019-06-14 16:15:27;2019-06-14 18:09:46;34;0;0;4;2019-06-29 10:22:26;114,31666666666666;21246,983333333334;4;4;5;2019;2019;2019;14;14;29;6;6;6;16;18;10;15;9;22;0
92430642;40,79015812;1;8;9;0;2019-06-14 16:40:20;2019-06-14 17:37:55;41;10;1;2;2019-06-15 00:46:16;57,583333333333336;485,93333333333334;4;4;5;2019;2019;2019;14;14;15;6;6;6;16;17;0;40;37;46;2
92430895;61,17900377;1;20;121;2;2019-06-14 16:46:50;2019-06-17 13:06:39;47;4;0;2;2019-06-18 12:03:35;4099,816666666667;5476,75;4;0;1;2019;2019;2019;14;17;18;6;6;6;16;13;12;46;6;3;0
92432541;61,4887703;1;15;97;3;2019-06-14 17:39:08;2019-06-17 12:26:42;11;9;1;2;2019-06-17 12:33:57;4007,5666666666666;4014,8166666666666;4;0;0;2019;2019;2019;14;17;17;6;6;6;17;12;12;39;26;33;2
92433575;65,36456948;1;2;136;2;2019-06-14 18:16:05;2019-06-17 12:02:35;38;9;1;2;2019-06-17 18:21:14;3946,5;4325,15;4;0;0;2019;2019;2019;14;17;17;6;6;6;18;12;18;16;2;21;2
92438461;41,32095879;0;20;142;2;2019-06-14 22:02:51;2019-06-27 10:49:18;2;0;0;3;2019-07-01 17:26:09;18046,45;24203,3;4;3;0;2019;2019;2019;14;27;1;6;6;7;22;10;17;2;49;26;0
92442018;58,34341125;1;20;152;0;2019-06-15 08:38:17;2019-06-17 12:09:33;21;5;1;4;2019-06-28 08:28:20;3091,266666666667;18710,05;5;0;4;2019;2019;2019;15;17;28;6;6;6;8;12;8;38;9;28;0
91970589;66,18831089;1;20;115;2;2019-06-06 09:12:54;2019-06-07 10:50:07;16;7;0;2;2019-06-25 10:53:15;1537,2166666666667;27460,35;3;4;1;2019;2019;2019;6;7;25;6;6;6;9;10;10;12;50;53;1
92347087;57,2003645;1;8;80;2;2019-06-12 10:07:43;2019-06-12 13:38:24;36;10;1;2;2019-06-17 11:21:37;210,68333333333334;7273,9;2;2;0;2019;2019;2019;12;12;17;6;6;6;10;13;11;7;38;21;2
92370827;60,62396642;1;20;59;2;2019-06-12 21:19:53;2019-06-13 12:01:25;10;10;1;2;2019-06-13 20:40:38;881,5333333333333;1400,75;2;3;3;2019;2019;2019;12;13;13;6;6;6;21;12;20;19;1;40;2
92310885;59,99109052;1;20;75;1;2019-06-11 09:39:57;2019-06-12 16:44:37;39;5;1;2;2019-06-12 18:48:31;1864,6666666666667;1988,5666666666666;1;2;2;2019;2019;2019;11;12;12;6;6;6;9;16;18;39;44;48;0
92312961;58,22244358;1;8;68;1;2019-06-11 10:25:37;2019-06-19 10:41:30;28;10;1;2;2019-06-19 12:15:44;11535,883333333333;11630,116666666667;1;2;2;2019;2019;2019;11;19;19;6;6;6;10;10;12;25;41;15;2
92074327;44,70097632;0;4;15;2;2019-06-06 10:50:13;2019-06-07 17:21:06;31;2;0;2;2019-06-07 17:24:56;1830,8833333333334;1834,7166666666667;3;4;4;2019;2019;2019;6;7;7;6;6;6;10;17;17;50;21;24;0
92075243;60,55152606;1;9;17;2;2019-06-03 02:21:23;2019-06-04 14:25:53;37;10;1;2;2019-06-11 16:06:09;2164,5;12344,766666666666;0;1;1;2019;2019;2019;3;4;11;6;6;6;2;14;16;21;25;6;2
92076179;59,39014297;1;13;18;2;2019-06-03 08:05:36;2019-06-03 11:26:10;36;10;0;2;2019-06-03 13:47:10;200,56666666666666;341,56666666666666;0;0;0;2019;2019;2019;3;3;3;6;6;6;8;11;13;5;26;47;2
92076667;43,87883231;1;20;142;2;2019-06-03 08:35:48;2019-06-13 10:13:23;18;10;1;2;2019-06-26 14:24:06;14497,583333333334;33468,3;0;3;2;2019;2019;2019;3;13;26;6;6;6;8;10;14;35;13;24;2
92077701;58,99382615;1;15;86;1;2019-06-03 09:13:32;2019-06-05 11:25:20;33;9;1;2;2019-06-08 19:22:58;3011,8;7809,433333333333;0;2;5;2019;2019;2019;3;5;8;6;6;6;9;11;19;13;25;22;2
92081093;61,66070799;1;17;25;2;2019-06-03 10:37:20;2019-06-04 14:34:19;11;6;0;2;2019-06-04 15:58:50;1676,9833333333333;1761,5;0;1;1;2019;2019;2019;3;4;4;6;6;6;10;14;15;37;34;58;0
92082385;34,37130201;1;5;32;2;2019-06-03 11:04:14;2019-06-07 13:11:41;34;10;1;2;2019-07-02 16:26:54;5887,45;42082,666666666664;0;4;1;2019;2019;2019;3;7;2;6;6;7;11;13;16;4;11;26;2
92371359;58,64339469;1;2;136;2;2019-06-12 21:43:20;2019-06-13 17:26:22;4;10;1;2;2019-06-26 20:51:17;1183,0333333333333;20107,95;2;3;2;2019;2019;2019;12;13;26;6;6;6;21;17;20;43;26;51;2
92313645;29,60061196;1;8;9;2;2019-06-11 10:39:04;2019-06-11 12:26:30;43;9;1;2;2019-06-19 08:10:45;107,43333333333334;11371,683333333332;1;1;2;2019;2019;2019;11;11;19;6;6;6;10;12;8;39;26;10;2
92397933;53,80383974;1;20;92;2;2019-06-13 17:06:12;2019-06-13 17:54:32;19;9;1;2;2019-06-13 19:04:35;48,333333333333336;118,38333333333334;3;3;3;2019;2019;2019;13;13;13;6;6;6;17;17;19;6;54;4;2
92092655;63,63894548;1;15;132;1;2019-06-03 14:53:17;2019-06-04 16:26:28;21;8;1;2;2019-06-26 08:31:46;1533,1833333333334;32738,483333333334;0;1;2;2019;2019;2019;3;4;26;6;6;6;14;16;8;53;26;31;2
92092717;64,50495377;1;20;163;2;2019-06-03 14:54:48;2019-06-04 16:56:26;30;9;1;2;2019-06-04 17:07:42;1561,6333333333334;1572,9;0;1;1;2019;2019;2019;3;4;4;6;6;6;14;16;17;54;56;7;2
92094345;36,10746195;1;20;153;2;2019-06-03 15:32:46;2019-06-07 12:21:22;45;10;0;3;2019-06-12 19:42:41;5568,6;13209,916666666666;0;4;2;2019;2019;2019;3;7;12;6;6;6;15;12;19;32;21;42;2
92095583;61,52350581;1;14;89;1;2019-06-03 15:59:48;2019-06-10 09:46:24;10;8;1;2;2019-06-10 18:13:00;9706,6;10213,2;0;0;0;2019;2019;2019;3;10;10;6;6;6;15;9;18;59;46;13;2
92095926;42,7290013;1;20;163;0;2019-06-03 16:07:02;2019-06-04 09:55:16;4;10;1;2;2019-06-12 10:57:56;1068,2333333333333;12650,9;0;1;2;2019;2019;2019;3;4;12;6;6;6;16;9;10;7;55;57;2
92100453;63,48796378;1;14;57;2;2019-06-03 17:57:44;2019-06-04 10:41:20;8;10;1;2;2019-06-04 13:13:02;1003,6;1155,3;0;1;1;2019;2019;2019;3;4;4;6;6;6;17;10;13;57;41;13;2
92101088;61,77908073;0;12;78;0;2019-06-03 18:17:14;2019-06-06 15:12:51;23;0;0;5;2019-06-13 22:40:53;4135,616666666667;14663,65;0;3;3;2019;2019;2019;3;6;13;6;6;6;18;15;22;17;12;40;0
92101359;44,42233176;1;20;163;1;2019-06-03 18:26:21;2019-06-04 13:50:14;5;5;0;2;2019-06-17 07:57:13;1163,8833333333334;19530,866666666665;0;1;0;2019;2019;2019;3;4;17;6;6;6;18;13;7;26;50;57;0
92104253;60,74248418;0;20;163;1;2019-06-03 19:56:32;2019-06-04 17:31:31;1;0;0;3;2019-06-04 21:02:50;1294,9833333333333;1506,3;0;1;1;2019;2019;2019;3;4;4;6;6;6;19;17;21;56;31;2;0
92104595;61,11462736;1;20;163;1;2019-06-03 20:07:33;2019-06-05 18:20:01;44;6;1;2;2019-06-17 14:27:57;2772,4666666666667;19820,4;0;2;0;2019;2019;2019;3;5;17;6;6;6;20;18;14;7;20;27;0
92105585;60,81180031;1;15;146;2;2019-06-03 20:39:41;2019-06-06 10:05:15;13;8;1;2;2019-06-06 20:14:37;3685,5666666666666;4294,933333333333;0;3;3;2019;2019;2019;3;6;6;6;6;6;20;10;20;39;5;14;2
92106959;47,35287882;1;8;68;1;2019-06-03 21:24:28;2019-06-05 16:51:36;25;10;1;2;2019-06-05 16:56:13;2607,133333333333;2611,75;0;2;2;2019;2019;2019;3;5;5;6;6;6;21;16;16;24;51;56;2
92110005;55,24508599;1;8;175;2;2019-06-03 23:34:10;2019-06-04 11:15:13;27;10;1;2;2019-06-04 12:03:45;701,05;749,5833333333334;0;1;1;2019;2019;2019;3;4;4;6;6;6;23;11;12;34;15;3;2
92111491;65,79805736;1;20;163;1;2019-06-04 03:02:52;2019-06-06 16:31:26;3;7;1;2;2019-06-12 21:00:44;3688,5666666666666;12597,866666666667;1;3;2;2019;2019;2019;4;6;12;6;6;6;3;16;21;2;31;0;1
92112419;68,88644405;1;14;65;2;2019-06-04 07:41:30;2019-06-05 15:44:59;22;8;1;2;2019-06-22 10:48:16;1923,4833333333333;26106,766666666666;1;2;5;2019;2019;2019;4;5;22;6;6;6;7;15;10;41;44;48;2
92114517;67,06234342;1;20;20;2;2019-06-04 09:12:53;2019-06-05 11:38:18;7;5;0;2;2019-06-05 12:31:36;1585,4166666666667;1638,7166666666667;1;2;2;2019;2019;2019;4;5;5;6;6;6;9;11;12;12;38;31;0
92114875;61,44336564;1;20;152;3;2019-06-04 09:22:09;2019-06-07 11:17:56;39;6;1;2;2019-06-12 18:43:14;4435,783333333334;12081,083333333334;1;4;2;2019;2019;2019;4;7;12;6;6;6;9;11;18;22;17;43;0
92116743;45,48376712;0;15;132;1;2019-06-04 10:06:19;2019-06-04 10:59:54;43;1;0;2;2019-06-04 11:16:09;53,583333333333336;69,83333333333333;1;1;1;2019;2019;2019;4;4;4;6;6;6;10;10;11;6;59;16;0
92118915;59,99696368;1;20;94;1;2019-06-04 10:51:47;2019-06-06 10:56:49;19;6;1;2;2019-06-06 19:23:36;2885,0333333333333;3391,8166666666666;1;3;3;2019;2019;2019;4;6;6;6;6;6;10;10;19;51;56;23;0
92119951;40,08485865;1;15;132;1;2019-06-04 11:10:32;2019-06-05 17:49:40;32;10;1;2;2019-06-05 18:06:27;1839,1333333333334;1855,9166666666667;1;2;2;2019;2019;2019;4;5;5;6;6;6;11;17;18;10;49;6;2
92120477;40,25158005;1;8;9;2;2019-06-04 11:19:48;2019-06-10 12:56:42;16;10;1;2;2019-06-13 09:50:37;8736,9;12870,816666666668;1;0;3;2019;2019;2019;4;10;13;6;6;6;11;12;9;19;56;50;2
92120687;43,88661464;1;14;117;3;2019-06-04 11:23:40;2019-06-05 12:33:06;48;6;1;2;2019-06-25 20:46:34;1509,4333333333334;30802,9;1;2;1;2019;2019;2019;4;5;25;6;6;6;11;12;20;23;33;46;0
92122197;72,70823744;1;2;64;2;2019-06-04 11:52:14;2019-06-04 13:01:21;15;10;1;2;2019-06-04 18:55:52;69,11666666666666;423,6333333333333;1;1;1;2019;2019;2019;4;4;4;6;6;6;11;13;18;52;1;55;2
92122503;29,26457848;1;20;59;1;2019-06-04 11:57:59;2019-06-10 10:43:56;46;9;1;2;2019-06-10 10:56:39;8565,95;8578,666666666666;1;0;0;2019;2019;2019;4;10;10;6;6;6;11;10;10;57;43;56;2
92122531;35,43514207;1;9;24;2;2019-06-04 11:58:25;2019-06-10 10:41:42;24;10;1;2;2019-06-10 16:46:52;8563,283333333333;8928,45;1;0;0;2019;2019;2019;4;10;10;6;6;6;11;10;16;58;41;46;2
92123431;70,34215126;1;8;42;2;2019-06-04 12:18:49;2019-06-06 16:18:01;29;6;1;2;2019-06-07 07:19:58;3119,2;4021,15;1;3;4;2019;2019;2019;4;6;7;6;6;6;12;16;7;18;18;19;0
92125011;57,20182933;1;15;69;2;2019-06-04 12:55:14;2019-06-07 09:40:22;6;9;1;2;2019-06-14 13:14:54;4125,133333333333;14419,666666666666;1;4;4;2019;2019;2019;4;7;14;6;6;6;12;9;13;55;40;14;2
92127524;63,48455994;1;20;158;0;2019-06-04 13:53:23;2019-06-12 13:10:48;31;5;0;3;2019-06-18 12:37:36;11477,416666666666;20084,216666666667;1;2;1;2019;2019;2019;4;12;18;6;6;6;13;13;12;53;10;37;0
92128398;53,64224049;0;7;161;0;2019-06-04 14:13:00;2019-06-06 16:15:07;35;0;0;2;2019-06-14 13:35:49;3002,116666666667;14362,816666666668;1;3;4;2019;2019;2019;4;6;14;6;6;6;14;16;13;13;15;35;0
92129993;42,01349479;1;20;41;2;2019-06-04 14:49:44;2019-06-05 13:10:40;12;5;0;2;2019-06-05 14:25:38;1340,9333333333334;1415,9;1;2;2;2019;2019;2019;4;5;5;6;6;6;14;13;14;49;10;25;0
92130567;36,94036036;1;20;163;2;2019-06-04 15:03:29;2019-06-05 12:23:30;40;5;0;2;2019-06-12 12:53:54;1280,0166666666667;11390,416666666666;1;2;2;2019;2019;2019;4;5;12;6;6;6;15;12;12;3;23;53;0
92132175;48,17732727;1;15;132;2;2019-06-04 15:41:03;2019-06-04 17:20:46;17;10;1;2;2019-06-05 10:38:46;99,71666666666667;1137,7166666666667;1;1;2;2019;2019;2019;4;4;5;6;6;6;15;17;10;41;20;38;2
92132405;56,39943964;1;14;6;3;2019-06-04 15:47:21;2019-06-05 10:20:21;0;0;0;5;2019-06-22 14:54:33;1113,0;25867,2;1;2;5;2019;2019;2019;4;5;22;6;6;6;15;10;14;47;20;54;0
92136017;42,668373700000004;1;19;3;2;2019-06-04 17:16:29;2019-06-07 13:53:15;9;9;1;3;2019-06-19 16:25:13;4116,766666666666;21548,733333333334;1;4;2;2019;2019;2019;4;7;19;6;6;6;17;13;16;16;53;25;2
92139249;66,11567618;1;12;21;1;2019-06-04 18:52:53;2019-06-07 10:26:57;37;8;1;2;2019-06-27 18:26:41;3814,0666666666666;33093,8;1;4;3;2019;2019;2019;4;7;27;6;6;6;18;10;18;52;26;26;2
92142013;60,59610263;1;20;163;2;2019-06-04 20:25:44;2019-06-07 17:42:05;14;5;1;2;2019-06-18 15:53:52;4156,35;19888,133333333335;1;4;1;2019;2019;2019;4;7;18;6;6;6;20;17;15;25;42;53;0
92142933;63,90182002;1;15;132;1;2019-06-04 20:56:51;2019-06-05 14:23:04;36;6;1;3;2019-06-12 05:59:56;1046,2166666666667;10623,083333333334;1;2;2;2019;2019;2019;4;5;12;6;6;6;20;14;5;56;23;59;0
92143314;63,55430779;0;7;66;0;2019-06-04 21:12:14;2019-06-10 12:06:57;26;0;0;3;2019-06-12 19:23:15;8094,716666666666;11411,016666666666;1;0;2;2019;2019;2019;4;10;12;6;6;6;21;12;19;12;6;23;0
92143609;59,48117735;1;20;163;2;2019-06-04 21:24:25;2019-06-05 15:28:10;18;9;1;2;2019-06-23 22:39:02;1083,75;27434,616666666665;1;2;6;2019;2019;2019;4;5;23;6;6;6;21;15;22;24;28;39;2
92143855;65,98358331;1;20;152;2;2019-06-04 21:33:21;2019-06-05 11:09:10;33;0;0;5;2019-06-10 11:18:40;815,8166666666667;8025,316666666667;1;2;0;2019;2019;2019;4;5;10;6;6;6;21;11;11;33;9;18;0
92144317;52,78780724;1;15;47;2;2019-06-04 21:49:58;2019-06-10 09:21:45;11;6;1;2;2019-06-21 17:23:42;7891,783333333334;24213,733333333334;1;0;4;2019;2019;2019;4;10;21;6;6;6;21;9;17;49;21;23;0
92144567;65,60111115;0;20;163;3;2019-06-04 21:59:30;2019-06-05 12:52:08;34;0;0;3;2019-06-12 22:16:34;892,6333333333333;11537,066666666668;1;2;2;2019;2019;2019;4;5;12;6;6;6;21;12;22;59;52;16;0
92145795;43,39326109;1;20;163;1;2019-06-04 22:54:07;2019-06-06 12:45:46;41;8;1;2;2019-06-07 12:34:36;2271,65;3700,483333333333;1;3;4;2019;2019;2019;4;6;7;6;6;6;22;12;12;54;45;34;2
92148203;46,2329915;1;4;15;1;2019-06-05 06:29:35;2019-06-10 14:49:05;47;10;1;2;2019-06-12 16:08:23;7699,5;10658,8;2;0;2;2019;2019;2019;5;10;12;6;6;6;6;14;16;29;49;8;2
92149825;64,79994999;1;8;133;3;2019-06-05 08:45:09;2019-06-07 13:01:45;11;10;1;2;2019-06-07 14:58:18;3136,6;3253,15;2;4;4;2019;2019;2019;5;7;7;6;6;6;8;13;14;45;1;58;2
92151957;67,67118683;1;1;85;2;2019-06-10 15:36:15;2019-06-11 17:52:32;4;8;1;2;2019-06-18 10:37:20;1576,2833333333333;11221,083333333334;0;1;1;2019;2019;2019;10;11;18;6;6;6;15;17;10;36;52;37;2
92155552;63,97562758;1;8;43;0;2019-06-05 11:06:14;2019-06-07 13:04:11;2;10;1;4;2019-06-17 11:41:49;2997,95;17315,583333333332;2;4;0;2019;2019;2019;5;7;17;6;6;6;11;13;11;6;4;41;2
92155283;36,98707565;1;8;128;2;2019-06-05 11:00:44;2019-06-10 10:45:48;38;4;0;2;2019-06-14 17:31:24;7185,066666666667;13350,666666666666;2;0;4;2019;2019;2019;5;10;14;6;6;6;11;10;17;0;45;31;0
92157251;59,53345747;1;20;95;2;2019-06-05 11:42:09;2019-06-05 14:17:12;42;10;1;2;2019-06-11 11:53:50;155,05;8651,683333333332;2;2;1;2019;2019;2019;5;5;11;6;6;6;11;14;11;42;17;53;2
92164293;38,37732081;1;20;176;3;2019-06-05 14:34:16;2019-06-05 16:21:16;4;8;1;5;2019-06-12 18:00:16;107,0;10286,0;2;2;2;2019;2019;2019;5;5;12;6;6;6;14;16;18;34;21;0;2
92158263;63,37138704;1;20;138;1;2019-06-05 12:04:01;2019-06-07 15:24:16;21;9;1;2;2019-06-07 15:35:59;3080,25;3091,9666666666667;2;4;4;2019;2019;2019;5;7;7;6;6;6;12;15;15;4;24;35;2
92158569;48,20925894;1;20;94;1;2019-06-05 12:12:16;2019-06-06 10:58:38;30;6;1;2;2019-06-06 19:25:07;1366,3666666666666;1872,85;2;3;3;2019;2019;2019;5;6;6;6;6;6;12;10;19;12;58;25;0
92158601;61,18261458;1;20;163;1;2019-06-05 12:12:59;2019-06-05 13:13:23;45;10;1;2;2019-06-11 09:56:55;60,4;8503,933333333332;2;2;1;2019;2019;2019;5;5;11;6;6;6;12;13;9;12;13;56;2
92158927;36,72885118;1;20;54;2;2019-06-10 12:14:47;2019-06-11 16:20:18;38;5;1;2;2019-06-19 10:55:42;1685,5166666666667;12880,916666666666;0;1;2;2019;2019;2019;10;11;19;6;6;6;12;16;10;14;20;55;0
92162337;43,58869686;1;20;37;3;2019-06-05 13:47:33;2019-06-05 14:27:32;10;10;1;2;2019-06-05 14:30:26;39,983333333333334;42,88333333333333;2;2;2;2019;2019;2019;5;5;5;6;6;6;13;14;14;47;27;30;2
92165610;39,03402955;1;20;150;0;2019-06-05 15:05:02;2019-06-06 15:59:50;8;5;0;2;2019-06-07 15:34:46;1494,8;2909,733333333333;2;3;4;2019;2019;2019;5;6;7;6;6;6;15;15;15;5;59;34;0
92166205;54,21454187;1;20;61;2;2019-06-05 15:18:29;2019-06-07 10:21:40;23;5;1;2;2019-06-07 17:03:40;2583,1833333333334;2985,1833333333334;2;4;4;2019;2019;2019;5;7;7;6;6;6;15;10;17;18;21;3;0
92166885;60,61004488;1;20;61;2;2019-06-05 15:34:41;2019-06-07 10:18:46;5;5;1;2;2019-06-07 17:04:43;2564,0833333333335;2970,0333333333333;2;4;4;2019;2019;2019;5;7;7;6;6;6;15;10;17;34;18;4;0
92167557;61,9056194;1;8;104;1;2019-06-05 15:51:55;2019-06-06 13:42:09;1;9;1;2;2019-06-06 13:59:40;1310,2333333333333;1327,75;2;3;3;2019;2019;2019;5;6;6;6;6;6;15;13;13;51;42;59;2
92168209;42,98419377;1;21;105;1;2019-06-05 16:07:25;2019-06-06 16:36:46;44;2;0;6;2019-06-12 17:42:29;1469,35;10175,066666666668;2;3;2;2019;2019;2019;5;6;12;6;6;6;16;16;17;7;36;42;0
92168481;57,11866851;0;17;11;2;2019-06-05 16:14:39;2019-06-10 13:57:44;13;0;0;2;2019-06-10 15:18:09;7063,083333333333;7143,5;2;0;0;2019;2019;2019;5;10;10;6;6;6;16;13;15;14;57;18;0
92168867;43,96573269;1;15;97;2;2019-06-05 16:25:48;2019-06-10 12:27:18;27;6;1;2;2019-06-12 17:45:34;6961,5;10159,766666666666;2;0;2;2019;2019;2019;5;10;12;6;6;6;16;12;17;25;27;45;0
92170913;40,54708316;1;20;163;2;2019-06-05 17:25:35;2019-06-17 10:11:09;3;5;1;2;2019-06-18 18:32:29;16845,566666666666;18786,9;2;0;1;2019;2019;2019;5;17;18;6;6;6;17;10;18;25;11;32;0
92171441;47,57374078;1;9;24;2;2019-06-05 18:04:29;2019-06-06 13:37:21;7;9;1;2;2019-06-06 15:29:55;1172,8666666666666;1285,4333333333334;2;3;3;2019;2019;2019;5;6;6;6;6;6;18;13;15;4;37;29;2
92350329;59,69153806;1;20;163;2;2019-06-12 11:22:41;2019-06-12 12:18:47;26;10;1;2;2019-06-15 13:29:11;56,1;4446,5;2;2;5;2019;2019;2019;12;12;15;6;6;6;11;12;13;22;18;29;2
92318199;52,59385114;1;20;176;2;2019-06-11 12:09:42;2019-06-13 09:32:47;20;5;0;2;2019-06-13 13:49:43;2723,0833333333335;2980,016666666667;1;3;3;2019;2019;2019;11;13;13;6;6;6;12;9;13;9;32;49;0
92350687;41,96082397;1;20;152;3;2019-06-12 11:29:59;2019-06-14 14:02:05;18;7;1;2;2019-06-22 01:13:22;3032,1;13783,383333333333;2;4;5;2019;2019;2019;12;14;22;6;6;6;11;14;1;29;2;13;1
92351013;64,36190825;1;5;33;1;2019-06-12 11:36:55;2019-06-13 18:24:03;33;10;1;2;2019-06-13 19:00:00;1847,1333333333334;1883,0833333333333;2;3;3;2019;2019;2019;12;13;13;6;6;6;11;18;19;36;24;0;2
92382443;57,51018751;1;20;50;2;2019-06-13 10:52:57;2019-06-17 11:51:01;1;4;1;2;2019-06-18 16:28:03;5818,066666666667;7535,1;3;0;1;2019;2019;2019;13;17;18;6;6;6;10;11;16;52;51;28;0
92352157;43,15317071;1;8;168;2;2019-06-12 12:02:57;2019-06-12 14:13:52;11;10;0;2;2019-06-17 14:46:15;130,91666666666666;7363,3;2;2;0;2019;2019;2019;12;12;17;6;6;6;12;14;14;2;13;46;2
92238097;51,93187736;0;15;132;1;2019-06-07 21:05:33;2019-06-11 16:51:31;43;0;0;3;2019-06-17 13:22:32;5505,966666666666;13936,983333333334;4;1;0;2019;2019;2019;7;11;17;6;6;6;21;16;13;5;51;22;0
92441729;62,30691037;1;20;151;1;2019-06-15 08:00:57;2019-06-17 16:44:12;42;5;0;2;2019-06-17 19:36:56;3403,25;3575,983333333333;5;0;0;2019;2019;2019;15;17;17;6;6;6;8;16;19;0;44;36;0
92241003;53,83099654;0;2;136;1;2019-06-08 00:31:57;2019-06-10 13:21:16;19;5;1;2;2019-06-11 00:09:42;3649,3166666666666;4297,75;5;0;1;2019;2019;2019;8;10;11;6;6;6;0;13;0;31;21;9;0
92322333;63,20722711;1;15;132;1;2019-06-11 13:52:48;2019-06-14 15:01:46;32;5;1;2;2019-06-21 15:52:25;4388,966666666666;14519,616666666667;1;4;4;2019;2019;2019;11;14;21;6;6;6;13;15;15;52;1;52;0
92353339;61,71862276;1;8;9;2;2019-06-12 12:30:14;2019-06-13 15:31:26;34;10;1;3;2019-06-22 09:59:23;1621,2;14249,15;2;3;5;2019;2019;2019;12;13;22;6;6;6;12;15;9;30;31;59;2
92353397;55,79812252;1;2;136;2;2019-06-12 12:31:26;2019-06-12 13:10:18;41;10;1;2;2019-07-03 10:51:23;38,86666666666667;30139,95;2;2;2;2019;2019;2019;12;12;3;6;6;7;12;13;10;31;10;51;2
92324443;44,68647118;1;15;132;1;2019-06-11 14:40:58;2019-06-12 17:38:19;16;10;1;2;2019-06-22 00:28:01;1617,35;14987,05;1;2;5;2019;2019;2019;11;12;22;6;6;6;14;17;0;40;38;28;2
92353642;40,96964542;0;20;113;0;2019-06-12 12:38:42;2019-06-13 17:51:17;47;0;0;2;2019-06-21 14:56:17;1752,5833333333333;13097,583333333334;2;3;4;2019;2019;2019;12;13;21;6;6;6;12;17;14;38;51;56;0
92325575;66,67948505;1;20;163;1;2019-06-11 15:07:28;2019-06-11 16:54:52;48;10;1;2;2019-06-12 22:12:12;107,4;1864,7333333333333;1;1;2;2019;2019;2019;11;11;12;6;6;6;15;16;22;7;54;12;2
92325667;45,44028486;0;15;69;1;2019-06-11 15:09:26;2019-06-14 11:38:25;15;1;0;2;2019-06-15 22:02:24;4108,983333333334;6172,966666666666;1;4;5;2019;2019;2019;11;14;15;6;6;6;15;11;22;9;38;2;0
92354944;71,42184212;1;15;132;0;2019-06-12 13:12:56;2019-06-14 12:36:48;11;10;0;6;2019-06-27 00:20:07;2843,866666666667;20827,183333333334;2;4;3;2019;2019;2019;12;14;27;6;6;6;13;12;0;12;36;20;2
92379172;59,69377008;1;20;142;0;2019-06-13 09:42:39;2019-06-14 11:52:41;5;10;1;2;2019-06-24 21:52:31;1570,0333333333333;16569,866666666665;3;4;0;2019;2019;2019;13;14;24;6;6;6;9;11;21;42;52;52;2
92084113;40,59271096;0;7;161;2;2019-06-10 10:41:09;2019-06-11 14:51:40;41;8;0;2;2019-06-11 15:01:56;1690,5166666666667;1700,7833333333333;0;1;1;2019;2019;2019;10;11;11;6;6;6;10;14;15;41;51;1;2
92327412;60,78555362;1;8;43;0;2019-06-11 15:49:52;2019-06-12 12:25:30;46;10;1;4;2019-06-17 11:41:04;1235,6333333333334;8391,2;1;2;0;2019;2019;2019;11;12;17;6;6;6;15;12;11;49;25;41;2
92328585;63,79191749;0;20;163;2;2019-06-11 16:16:52;2019-06-12 13:58:14;24;3;0;2;2019-06-12 14:04:43;1301,3666666666666;1307,85;1;2;2;2019;2019;2019;11;12;12;6;6;6;16;13;14;16;58;4;0
92202873;45,74392411;1;20;23;1;2019-06-06 17:42:35;2019-06-07 16:05:41;30;8;0;2;2019-06-19 06:04:09;1343,1;18021,566666666666;3;4;2;2019;2019;2019;6;7;19;6;6;6;17;16;6;42;5;4;2
92206439;68,83426502;0;4;15;2;2019-06-06 19:50:31;2019-06-07 10:13:43;45;0;0;3;2019-07-02 20:35:09;863,2;37484,63333333333;3;4;1;2019;2019;2019;6;7;2;6;6;7;19;10;20;50;13;35;0
92211029;67,96573938;1;15;132;1;2019-06-06 23:14:09;2019-06-07 14:14:51;10;10;1;2;2019-06-07 17:46:23;900,7;1112,2333333333333;3;4;4;2019;2019;2019;6;7;7;6;6;6;23;14;17;14;14;46;2
92214681;63,98658345;1;20;58;2;2019-06-07 08:42:30;2019-06-10 10:20:58;4;5;1;2;2019-06-27 16:28:16;4418,466666666666;29265,766666666666;4;0;3;2019;2019;2019;7;10;27;6;6;6;8;10;16;42;20;28;0
92216777;41,32295748;1;2;136;2;2019-06-07 09:51:07;2019-06-07 11:30:10;8;5;0;4;2019-06-07 13:09:40;99,05;198,55;4;4;4;2019;2019;2019;7;7;7;6;6;6;9;11;13;51;30;9;0
92217041;57,32654909;1;8;56;1;2019-06-07 09:57:30;2019-06-11 16:07:15;23;10;1;4;2019-06-12 20:09:47;6129,75;7812,283333333334;4;1;2;2019;2019;2019;7;11;12;6;6;6;9;16;20;57;7;9;2
92218283;45,97451791;0;7;161;1;2019-06-07 10:27:40;2019-06-07 14:23:56;1;0;0;3;2019-06-17 22:56:49;236,26666666666668;15149,15;4;4;0;2019;2019;2019;7;7;17;6;6;6;10;14;22;27;23;56;0
92220029;57,85584620000001;1;4;15;1;2019-06-07 11:10:55;2019-06-10 12:48:33;44;10;1;2;2019-06-11 13:07:44;4417,633333333333;5876,816666666667;4;0;1;2019;2019;2019;7;10;11;6;6;6;11;12;13;10;48;7;2
92221137;47,83505466;0;8;9;2;2019-06-07 11:35:57;2019-06-07 17:31:37;13;0;0;3;2019-06-17 12:48:12;355,6666666666667;14472,25;4;4;0;2019;2019;2019;7;7;17;6;6;6;11;17;12;35;31;48;0
92221627;56,57366738;1;8;171;2;2019-06-07 11:49:07;2019-06-07 14:21:27;25;10;1;2;2019-06-10 13:56:17;152,33333333333334;4447,166666666667;4;4;0;2019;2019;2019;7;7;10;6;6;6;11;14;13;49;21;56;2
92222531;68,70670115;1;20;163;1;2019-06-07 12:13:38;2019-06-07 12:43:37;27;3;0;3;2019-06-11 11:04:47;29,983333333333334;5691,15;4;4;1;2019;2019;2019;7;7;11;6;6;6;12;12;11;13;43;4;0
92226521;71,67308191;1;0;129;1;2019-06-07 14:07:57;2019-06-10 17:34:16;3;5;0;2;2019-06-17 13:40:44;4526,316666666667;14372,783333333333;4;0;0;2019;2019;2019;7;10;17;6;6;6;14;17;13;7;34;40;0
92231501;32,89383132;1;20;163;2;2019-06-07 16:29:44;2019-06-11 12:07:26;22;6;1;2;2019-06-11 12:11:26;5497,7;5501,7;4;1;1;2019;2019;2019;7;11;11;6;6;6;16;12;12;29;7;11;0
92232201;64,2290203;0;15;84;2;2019-06-07 16:50:53;2019-06-10 15:53:35;7;0;0;2;2019-06-18 15:11:28;4262,7;15740,583333333334;4;0;1;2019;2019;2019;7;10;18;6;6;6;16;15;15;50;53;11;0
92233666;63,10913036;1;20;31;0;2019-06-07 17:42:26;2019-06-11 10:47:43;39;0;0;4;2019-06-12 06:44:08;5345,283333333334;6541,7;4;1;2;2019;2019;2019;7;11;12;6;6;6;17;10;6;42;47;44;0
92534871;52,53535396;1;20;12;1;2019-06-18 19:50:27;2019-06-28 12:04:23;47;9;0;2;2019-06-28 18:20:52;13933,933333333332;14310,416666666666;1;4;4;2019;2019;2019;18;28;28;6;6;6;19;12;18;50;4;20;2
92535295;44,43963144;0;6;131;1;2019-06-18 20:08:04;2019-06-19 11:47:51;11;1;0;3;2019-06-21 14:29:40;939,7833333333333;3981,6;1;2;4;2019;2019;2019;18;19;21;6;6;6;20;11;14;8;47;29;0
92539286;57,1752755;1;8;8;0;2019-06-18 22:22:18;2019-06-19 12:26:42;38;10;1;2;2019-06-25 14:49:49;844,4;9627,516666666666;1;2;1;2019;2019;2019;18;19;25;6;6;6;22;12;14;22;26;49;2
92540635;38,80430147;0;15;132;1;2019-06-25 14:36:21;2019-06-27 15:19:21;4;0;0;2;2019-06-27 19:11:58;2923,0;3155,616666666667;1;3;3;2019;2019;2019;25;27;27;6;6;6;14;15;19;36;19;11;0
92242620;58,08694424;1;20;176;0;2019-06-08 08:40:23;2019-06-12 11:45:32;16;8;1;2;2019-06-12 17:59:37;5945,15;6319,233333333334;5;2;2;2019;2019;2019;8;12;12;6;6;6;8;11;17;40;45;59;2
92242815;43,96959585;1;20;59;1;2019-06-08 08:55:32;2019-06-10 10:31:09;48;5;1;2;2019-06-11 09:18:00;2975,616666666667;4342,466666666666;5;0;1;2019;2019;2019;8;10;11;6;6;6;8;10;9;55;31;18;0
92246041;54,14357295;1;20;23;2;2019-06-08 11:43:18;2019-06-10 10:30:10;29;7;1;2;2019-06-18 13:55:55;2806,866666666667;14532,616666666667;5;0;1;2019;2019;2019;8;10;18;6;6;6;11;10;13;43;30;55;1
92248203;55,51208807;1;15;88;1;2019-06-08 13:36:33;2019-06-10 10:54:31;6;4;1;2;2019-06-10 14:37:33;2717,9666666666667;2941,0;5;0;0;2019;2019;2019;8;10;10;6;6;6;13;10;14;36;54;37;0
92248805;57,31002563;1;6;55;1;2019-06-08 14:11:09;2019-06-11 10:01:22;31;3;0;2;2019-06-11 22:23:30;4070,2166666666667;4812,35;5;1;1;2019;2019;2019;8;11;11;6;6;6;14;10;22;11;1;23;0
92248915;37,45672203;0;8;27;1;2019-06-08 14:17:55;2019-06-13 14:05:32;35;0;0;2;2019-06-18 14:26:57;7187,616666666667;14409,033333333333;5;3;1;2019;2019;2019;8;13;18;6;6;6;14;14;14;17;5;26;0
92252413;59,43457660000001;1;20;141;2;2019-06-08 18:32:16;2019-06-11 09:56:32;12;7;1;2;2019-06-30 10:29:59;3804,266666666667;31197,716666666667;5;1;6;2019;2019;2019;8;11;30;6;6;6;18;9;10;32;56;29;1
92252951;40,04468396;1;20;103;1;2019-06-08 19:12:52;2019-06-10 09:56:21;40;10;1;4;2019-07-02 11:25:32;2323,483333333333;34092,666666666664;5;0;1;2019;2019;2019;8;10;2;6;6;7;19;9;11;12;56;25;2
92254857;53,03809623;1;20;22;1;2019-06-08 21:32:19;2019-06-11 12:19:28;17;10;1;2;2019-06-18 15:28:05;3767,15;14035,766666666666;5;1;1;2019;2019;2019;8;11;18;6;6;6;21;12;15;32;19;28;2
92255143;41,32837333;1;20;163;1;2019-06-08 22:01:24;2019-06-10 12:09:24;0;0;0;3;2019-06-15 20:49:48;2288,0;10008,4;5;0;5;2019;2019;2019;8;10;15;6;6;6;22;12;20;1;9;49;0
92260679;37,64488054;0;15;97;2;2019-06-09 13:14:52;2019-06-10 16:15:17;9;8;1;3;2019-06-15 11:34:11;1620,4166666666667;8539,316666666668;6;0;5;2019;2019;2019;9;10;15;6;6;6;13;16;11;14;15;34;2
92261761;56,05570157;1;8;9;1;2019-06-09 14:49:17;2019-06-10 11:37:23;37;9;1;3;2019-06-10 11:57:24;1248,1;1268,1166666666666;6;0;0;2019;2019;2019;9;10;10;6;6;6;14;11;11;49;37;57;2
92263629;45,71861232;0;20;163;3;2019-06-09 17:32:12;2019-06-10 13:16:57;14;0;0;3;2019-06-14 11:29:36;1184,75;6837,4;6;0;4;2019;2019;2019;9;10;14;6;6;6;17;13;11;32;16;29;0
92263763;57,33281535;1;15;132;2;2019-06-09 17:42:38;2019-06-11 13:33:05;36;6;0;2;2019-06-26 20:20:28;2630,45;24637,833333333332;6;1;2;2019;2019;2019;9;11;26;6;6;6;17;13;20;42;33;20;0
92263859;45,84612927;0;18;76;1;2019-06-09 17:49:30;2019-06-10 12:49:42;26;0;0;5;2019-06-22 01:18:02;1140,2;17728,533333333333;6;0;5;2019;2019;2019;9;10;22;6;6;6;17;12;1;49;49;18;0
92264807;58,55511824;1;20;163;1;2019-06-11 08:49:25;2019-06-12 15:01:10;7;10;1;2;2019-06-14 07:41:22;1811,75;4251,95;1;2;4;2019;2019;2019;11;12;14;6;6;6;8;15;7;49;1;41;2
92840991;49,32075761;1;20;163;1;2019-06-30 14:53:36;2019-07-01 12:49:39;34;9;1;2;2019-07-03 10:36:05;1316,05;4062,483333333333;6;0;2;2019;2019;2019;30;1;3;6;7;7;14;12;10;53;49;36;2
92851225;51,02393459;0;8;107;2;2019-07-01 08:51:27;2019-07-02 15:50:39;41;1;0;2;2019-07-02 16:06:23;1859,2;1874,9333333333334;0;1;1;2019;2019;2019;1;2;2;7;7;7;8;15;16;51;50;6;0
92443973;63,30048225;1;19;3;2;2019-06-15 10:42:19;2019-06-17 17:54:28;30;10;1;2;2019-06-22 13:18:33;3312,15;10236,233333333334;5;0;5;2019;2019;2019;15;17;22;6;6;6;10;17;13;42;54;18;2
92445569;69,52811329;1;20;26;1;2019-06-15 11:52:49;2019-06-17 17:47:42;45;10;1;4;2019-06-26 10:14:17;3234,883333333333;15741,466666666667;5;0;2;2019;2019;2019;15;17;26;6;6;6;11;17;10;52;47;14;2
92446019;63,82739713;1;6;165;2;2019-06-15 12:15:05;2019-06-17 14:41:27;10;3;0;2;2019-06-24 12:11:47;3026,366666666667;12956,7;5;0;0;2019;2019;2019;15;17;24;6;6;6;12;14;12;15;41;11;0
92447986;61,88324218;1;8;43;0;2019-06-18 12:51:38;2019-06-19 16:48:48;26;10;1;2;2019-06-20 13:01:21;1677,1666666666667;2889,7166666666667;1;2;3;2019;2019;2019;18;19;20;6;6;6;12;16;13;51;48;1;2
92448074;60,94868039;1;8;43;0;2019-06-15 14:04:58;2019-06-17 17:19:16;4;10;1;2;2019-06-17 17:21:32;3074,3;3076,5666666666666;5;0;0;2019;2019;2019;15;17;17;6;6;6;14;17;17;4;19;21;2
92449667;37,59736554;0;2;0;1;2019-06-15 15:51:25;2019-06-18 13:22:02;8;0;0;2;2019-06-18 15:43:24;4170,616666666667;4311,983333333334;5;1;1;2019;2019;2019;15;18;18;6;6;6;15;13;15;51;22;43;0
92450052;40,85326958;0;17;172;0;2019-06-15 16:18:21;2019-06-17 12:22:43;23;0;0;4;2019-06-28 14:42:18;2644,366666666667;18623,95;5;0;4;2019;2019;2019;15;17;28;6;6;6;16;12;14;18;22;42;0
92452501;43,38511403;1;2;143;1;2019-06-15 19:21:35;2019-06-18 12:50:59;5;10;1;2;2019-06-18 13:37:06;3929,4;3975,516666666667;5;1;1;2019;2019;2019;15;18;18;6;6;6;19;12;13;21;50;37;2
92454235;40,76025818;1;20;158;1;2019-06-15 21:42:50;2019-06-17 10:58:03;1;2;1;9;2019-06-28 16:48:17;2235,2166666666667;18425,45;5;0;4;2019;2019;2019;15;17;28;6;6;6;21;10;16;42;58;48;0
92454772;41,88032289;0;20;123;0;2019-06-15 22:38:18;2019-06-17 11:32:49;44;1;0;2;2019-06-18 11:34:33;2214,516666666667;3656,25;5;0;1;2019;2019;2019;15;17;18;6;6;6;22;11;11;38;32;34;0
92457999;46,2978543;0;3;52;2;2019-06-16 10:50:32;2019-06-17 12:29:27;25;0;0;2;2019-06-25 17:11:26;1538,9166666666667;13340,9;6;0;1;2019;2019;2019;16;17;25;6;6;6;10;12;17;50;29;11;0
92474411;68,86457138;0;10;38;2;2019-06-17 10:25:03;2019-06-19 10:56:45;28;0;0;3;2019-06-19 11:57:25;2911,7;2972,366666666667;0;2;2;2019;2019;2019;17;19;19;6;6;6;10;10;11;25;56;57;0
92474753;62,41723006;1;20;163;2;2019-06-17 10:32:13;2019-06-25 12:18:40;43;2;1;2;2019-06-27 17:46:34;11626,45;14834,35;0;1;3;2019;2019;2019;17;25;27;6;6;6;10;12;17;32;18;46;0
92475353;57,82493674;1;14;39;2;2019-06-17 10:44:29;2019-06-19 14:41:56;20;10;1;5;2019-06-25 21:30:41;3117,45;12166,2;0;2;1;2019;2019;2019;17;19;25;6;6;6;10;14;21;44;41;30;2
92475913;67,13950423;1;18;156;1;2019-06-17 10:54:45;2019-06-21 10:31:18;19;5;0;2;2019-06-25 21:20:12;5736,55;12145,45;0;4;1;2019;2019;2019;17;21;25;6;6;6;10;10;21;54;31;20;0
92479707;39,0510386;1;20;127;1;2019-06-17 12:10:12;2019-06-18 11:51:13;32;10;1;2;2019-06-19 01:25:02;1421,0166666666667;2234,8333333333335;0;1;2;2019;2019;2019;17;18;19;6;6;6;12;11;1;10;51;25;2
92480175;52,23560289;0;15;132;2;2019-06-17 12:19:56;2019-06-18 15:59:28;16;0;0;4;2019-07-01 09:18:48;1659,5333333333333;19978,866666666665;0;1;0;2019;2019;2019;17;18;1;6;6;7;12;15;9;19;59;18;0
92480449;67,05211434;1;12;157;1;2019-06-17 12:26:38;2019-06-17 15:30:36;48;10;1;2;2019-06-17 17:17:03;183,96666666666667;290,4166666666667;0;0;0;2019;2019;2019;17;17;17;6;6;6;12;15;17;26;30;17;2
92482759;46,27810243;0;15;132;2;2019-06-17 13:16:38;2019-06-27 12:08:02;15;1;0;7;2019-07-01 14:04:41;14331,4;20208,05;0;3;0;2019;2019;2019;17;27;1;6;6;7;13;12;14;16;8;4;0
92483383;47,00092054;1;8;145;3;2019-06-17 13:30:49;2019-06-17 14:00:51;46;10;1;2;2019-06-17 14:21:57;30,033333333333335;51,13333333333333;0;0;0;2019;2019;2019;17;17;17;6;6;6;13;14;14;30;0;21;2
92483859;44,58607811;1;20;71;2;2019-06-17 13:40:54;2019-06-18 12:10:07;24;10;1;2;2019-06-25 18:11:27;1349,2166666666667;11790,55;0;1;1;2019;2019;2019;17;18;25;6;6;6;13;12;18;40;10;11;2
92485159;43,78550484;1;20;14;1;2019-06-17 14:11:03;2019-06-28 14:25:10;29;5;0;2;2019-06-28 14:30:29;15854,116666666667;15859,433333333332;0;4;4;2019;2019;2019;17;28;28;6;6;6;14;14;14;11;25;30;0
92498049;42,27965434;1;20;137;1;2019-06-17 19:23:40;2019-06-18 16:21:34;35;10;1;2;2019-06-26 16:18:42;1257,9;12775,033333333333;0;1;2;2019;2019;2019;17;18;26;6;6;6;19;16;16;23;21;18;2
92492463;61,26345837;1;17;118;1;2019-06-17 16:53:34;2019-06-24 12:38:12;6;8;1;2;2019-07-01 14:47:20;9824,633333333333;20033,766666666666;0;0;0;2019;2019;2019;17;24;1;6;6;7;16;12;14;53;38;47;2
92492597;40,06448652;1;20;148;2;2019-06-17 16:56:40;2019-06-18 14:06:23;31;10;1;2;2019-06-19 13:40:48;1269,7166666666667;2684,133333333333;0;1;2;2019;2019;2019;17;18;19;6;6;6;16;14;13;56;6;40;2
92500671;65,7432948;1;5;46;1;2019-06-17 20:45:05;2019-06-18 10:20:47;12;10;1;2;2019-06-18 13:34:07;815,7;1009,0333333333333;0;1;1;2019;2019;2019;17;18;18;6;6;6;20;10;13;45;20;34;2
92461124;37,70697716;1;20;163;0;2019-06-18 13:23:57;2019-06-19 13:07:25;11;10;1;4;2019-06-26 12:34:07;1423,4666666666667;11470,166666666666;1;2;2;2019;2019;2019;18;19;26;6;6;6;13;13;12;23;7;34;2
92463441;46,02102841;1;15;70;2;2019-06-16 18:12:10;2019-06-18 10:02:00;27;10;1;2;2019-06-23 09:08:43;2389,8333333333335;9536,55;6;1;6;2019;2019;2019;16;18;23;6;6;6;18;10;9;12;2;8;2
92464231;48,98118075;1;15;132;2;2019-06-16 19:08:39;2019-06-17 10:18:16;3;10;1;4;2019-06-17 12:26:57;909,6166666666667;1038,3;6;0;0;2019;2019;2019;16;17;17;6;6;6;19;10;12;8;18;26;2
92466779;41,80440178;1;20;163;2;2019-06-16 22:03:04;2019-06-17 13:10:05;22;10;1;2;2019-06-21 12:07:52;907,0166666666667;6604,8;6;0;4;2019;2019;2019;16;17;21;6;6;6;22;13;12;3;10;7;2
92470909;37,74669061;1;13;109;2;2019-06-17 08:55:17;2019-06-18 16:18:52;7;6;0;2;2019-06-18 16:29:37;1883,5833333333333;1894,3333333333333;0;1;1;2019;2019;2019;17;18;18;6;6;6;8;16;16;55;18;29;0
92470961;56,1761843;1;14;91;2;2019-06-17 08:56:54;2019-06-18 14:13:21;39;5;0;2;2019-06-18 14:44:05;1756,45;1787,1833333333334;0;1;1;2019;2019;2019;17;18;18;6;6;6;8;14;14;56;13;44;0
92507543;37,03827918;1;8;34;2;2019-06-18 08:05:21;2019-06-19 12:39:56;40;7;1;2;2019-06-25 08:09:47;1714,5833333333333;10084,433333333332;1;2;1;2019;2019;2019;18;19;25;6;6;6;8;12;8;5;39;9;1
92508379;60,72183885;1;2;136;1;2019-06-18 08:43:12;2019-06-19 10:52:46;17;0;0;2;2019-06-22 07:38:36;1569,5666666666666;5695,4;1;2;5;2019;2019;2019;18;19;22;6;6;6;8;10;7;43;52;38;0
92508419;39,81614594;1;20;163;2;2019-06-18 08:44:12;2019-06-19 10:55:36;0;10;0;2;2019-06-21 18:04:02;1571,4;4879,833333333333;1;2;4;2019;2019;2019;18;19;21;6;6;6;8;10;18;44;55;4;2
92316384;43,63567518;1;20;103;0;2019-06-13 15:28:52;2019-06-17 09:58:54;43;5;0;2;2019-06-24 17:33:40;5430,033333333334;15964,8;3;0;0;2019;2019;2019;13;17;24;6;6;6;15;9;17;28;58;33;0
92375823;62,01957739;1;2;136;2;2019-06-13 07:40:39;2019-06-26 17:04:17;8;10;1;2;2019-06-28 12:39:31;19283,633333333335;21898,866666666665;3;2;4;2019;2019;2019;13;26;28;6;6;6;7;17;12;40;4;39;2
92421777;51,4273532;1;2;136;3;2019-06-14 12:52:38;2019-06-14 16:12:10;37;10;1;3;2019-06-14 17:10:14;199,53333333333333;257,6;4;4;4;2019;2019;2019;14;14;14;6;6;6;12;16;17;52;12;10;2
92836805;39,51904007;1;20;152;1;2019-06-30 09:18:57;2019-07-01 18:35:21;11;5;0;2;2019-07-02 11:54:05;1996,4;3035,133333333333;6;0;1;2019;2019;2019;30;1;2;6;7;7;9;18;11;18;35;54;0
92544063;62,06659833;1;3;93;3;2019-06-19 07:41:16;2019-06-21 13:34:33;2;8;1;2;2019-07-01 07:06:07;3233,2833333333333;17244,85;2;4;0;2019;2019;2019;19;21;1;6;6;7;7;13;7;41;34;6;2
92685229;64,72745327;0;20;163;2;2019-06-25 09:32:03;2019-06-25 09:48:00;21;0;0;3;2019-06-25 15:54:20;15,95;382,28333333333336;1;1;1;2019;2019;2019;25;25;25;6;6;6;9;9;15;32;48;54;0
92685385;57,58923045;1;20;126;2;2019-06-28 12:13:40;2019-06-28 12:44:24;36;0;0;2;2019-06-28 13:08:10;30,733333333333334;54,5;4;4;4;2019;2019;2019;28;28;28;6;6;6;12;12;13;13;44;8;0
92688145;52,99911642;1;3;29;1;2019-06-25 10:33:45;2019-06-28 12:38:08;30;10;1;3;2019-06-28 15:42:43;4444,383333333333;4628,966666666666;1;4;4;2019;2019;2019;25;28;28;6;6;6;10;12;15;33;38;42;2
92688555;63,94980515;1;20;59;1;2019-06-25 10:41:11;2019-06-26 12:42:00;45;10;1;2;2019-06-29 11:10:49;1560,8166666666666;5789,633333333333;1;2;5;2019;2019;2019;25;26;29;6;6;6;10;12;11;41;42;10;2
92690165;54,31983651;1;20;50;2;2019-06-25 11:11:40;2019-06-27 12:54:36;10;9;0;2;2019-06-28 16:52:50;2982,9333333333334;4661,166666666667;1;3;4;2019;2019;2019;25;27;28;6;6;6;11;12;16;11;54;52;2
92682477;48,10287868;1;20;163;2;2019-06-25 08:00:35;2019-06-26 12:52:19;42;8;1;3;2019-06-28 18:52:41;1731,7333333333333;4972,1;1;2;4;2019;2019;2019;25;26;28;6;6;6;8;12;18;0;52;52;2
92699867;63,491442799999994;1;2;143;1;2019-06-25 14:39:58;2019-06-28 15:08:38;8;7;1;2;2019-07-01 14:55:57;4348,666666666667;8655,983333333334;1;4;0;2019;2019;2019;25;28;1;6;6;7;14;15;14;39;8;55;1
92707797;58,90026253;1;20;127;1;2019-06-25 17:48:46;2019-06-26 14:30:16;23;10;1;2;2019-06-26 14:32:00;1241,5;1243,2333333333333;1;2;2;2019;2019;2019;25;26;26;6;6;6;17;14;14;48;30;32;2
92711979;39,23790442;0;20;100;2;2019-06-25 19:56:32;2019-06-27 16:02:44;5;0;0;4;2019-07-01 07:02:49;2646,2;7866,283333333334;1;3;0;2019;2019;2019;25;27;1;6;6;7;19;16;7;56;2;2;0
92713629;54,200328000000006;0;15;69;2;2019-06-25 20:52:41;2019-06-26 12:02:35;1;0;0;2;2019-07-02 18:58:07;909,9;9965,433333333332;1;2;1;2019;2019;2019;25;26;2;6;6;7;20;12;18;52;2;58;0
92755393;60,57347148;1;20;28;1;2019-06-27 07:08:44;2019-06-27 16:03:31;24;2;0;2;2019-07-01 08:17:31;534,7833333333333;5828,783333333334;3;3;0;2019;2019;2019;27;27;1;6;6;7;7;16;8;8;3;17;0
92757789;64,22701523;0;15;132;2;2019-06-27 09:14:23;2019-07-01 17:11:14;29;0;0;2;2019-07-02 11:05:35;6236,85;7311,2;3;0;1;2019;2019;2019;27;1;2;6;7;7;9;17;11;14;11;5;0
92723195;43,02797108;1;2;136;1;2019-06-26 09:44:42;2019-06-27 13:47:19;13;10;1;2;2019-06-28 19:34:53;1682,6166666666666;3470,1833333333334;2;3;4;2019;2019;2019;26;27;28;6;6;6;9;13;19;44;47;34;2
92723855;68,35649105;1;20;163;1;2019-06-26 10:00:13;2019-06-27 15:14:04;25;8;1;2;2019-06-27 19:25:55;1753,85;2005,7;2;3;3;2019;2019;2019;26;27;27;6;6;6;10;15;19;0;14;25;2
92724325;70,25061176;1;17;118;2;2019-06-26 10:11:55;2019-07-01 13:19:25;27;10;1;2;2019-07-01 13:23:31;7387,5;7391,6;2;0;0;2019;2019;2019;26;1;1;6;7;7;10;13;13;11;19;23;2
92728285;51,64010514;1;17;48;2;2019-06-26 11:32:02;2019-06-26 12:11:15;3;10;1;2;2019-06-27 10:37:46;39,21666666666667;1385,7333333333333;2;2;3;2019;2019;2019;26;26;27;6;6;6;11;12;10;32;11;37;2
92729057;52,54648211;1;20;163;2;2019-06-26 11:48:05;2019-06-26 15:36:43;22;2;0;3;2019-07-03 10:25:08;228,63333333333333;9997,05;2;2;2;2019;2019;2019;26;26;3;6;6;7;11;15;10;48;36;25;0
92732029;59,23377503;1;13;74;2;2019-06-26 12:59:08;2019-06-28 12:23:47;7;0;0;2;2019-06-29 08:51:03;2844,65;4071,9166666666665;2;4;5;2019;2019;2019;26;28;29;6;6;6;12;12;8;59;23;51;0
92732838;40,72961328;0;8;9;0;2019-06-26 13:19:36;2019-06-27 09:38:50;39;0;0;4;2019-07-02 16:43:07;1219,2333333333333;8843,516666666666;2;3;1;2019;2019;2019;26;27;2;6;6;7;13;9;16;19;38;43;0
92734637;40,46145008;1;15;132;1;2019-06-26 14:00:57;2019-06-27 17:37:07;28;5;1;2;2019-06-27 18:43:37;1656,1666666666667;1722,6666666666667;2;3;3;2019;2019;2019;26;27;27;6;6;6;14;17;18;0;37;43;0
92737203;40,00148396;0;20;152;2;2019-06-26 14:58:12;2019-06-27 13:32:15;43;3;0;5;2019-07-02 15:57:45;1354,05;8699,55;2;3;1;2019;2019;2019;26;27;2;6;6;7;14;13;15;58;32;57;0
92738393;41,34005689;1;20;163;2;2019-06-26 15:25:25;2019-06-28 15:43:37;20;10;1;2;2019-06-28 20:10:14;2898,2;3164,8166666666666;2;4;4;2019;2019;2019;26;28;28;6;6;6;15;15;20;25;43;10;2
92739537;48,132389399999994;1;9;24;2;2019-06-26 15:51:59;2019-06-26 16:27:17;19;10;1;2;2019-06-26 16:32:28;35,3;40,483333333333334;2;2;2;2019;2019;2019;26;26;26;6;6;6;15;16;16;51;27;32;2
92741433;45,34396358;1;15;125;1;2019-06-26 16:39:09;2019-06-26 17:02:16;32;10;1;2;2019-06-26 17:04:54;23,116666666666667;25,75;2;2;2;2019;2019;2019;26;26;26;6;6;6;16;17;17;39;2;4;2
92743553;38,63326293;1;14;39;2;2019-06-26 17:36:07;2019-06-27 16:21:31;16;10;1;2;2019-06-29 09:46:27;1365,4;3850,3333333333335;2;3;5;2019;2019;2019;26;27;29;6;6;6;17;16;9;36;21;46;2
92745511;54,05662633;1;15;132;1;2019-06-26 18:36:43;2019-06-28 11:49:26;48;4;1;2;2019-07-02 20:57:48;2472,7166666666667;8781,083333333334;2;4;1;2019;2019;2019;26;28;2;6;6;7;18;11;20;36;49;57;0
92748207;58,65149455;1;20;126;2;2019-06-26 20:09:45;2019-07-02 12:59:12;15;7;1;2;2019-07-02 23:34:03;8209,45;8844,3;2;1;1;2019;2019;2019;26;2;2;6;7;7;20;12;23;9;59;34;1
92753949;54,37245142;1;7;66;3;2019-06-27 00:32:32;2019-06-27 09:57:47;46;7;1;2;2019-06-27 10:28:54;565,25;596,3666666666667;3;3;3;2019;2019;2019;27;27;27;6;6;6;0;9;10;32;57;28;1
92760887;57,56654247;1;20;23;1;2019-06-27 10:31:10;2019-06-27 18:10:35;6;8;0;2;2019-06-28 08:49:14;459,4166666666667;1338,0666666666666;3;3;4;2019;2019;2019;27;27;28;6;6;6;10;18;8;31;10;49;2
92761401;57,96894164;1;8;9;2;2019-06-27 10:41:44;2019-06-28 10:41:12;31;10;1;2;2019-06-28 10:58:08;1439,4666666666667;1456,4;3;4;4;2019;2019;2019;27;28;28;6;6;6;10;10;10;41;41;58;2
92765309;48,35350421;1;20;163;2;2019-06-27 12:01:22;2019-06-28 18:09:22;35;8;1;2;2019-07-01 11:22:06;1808,0;5720,733333333334;3;4;0;2019;2019;2019;27;28;1;6;6;7;12;18;11;1;9;22;2
92768329;54,05853470000001;1;15;86;1;2019-06-27 13:13:58;2019-07-01 10:27:05;12;10;1;2;2019-07-01 13:10:24;5593,116666666667;5756,433333333333;3;0;0;2019;2019;2019;27;1;1;6;7;7;13;10;13;13;27;10;2
92768353;59,91362455;1;15;160;1;2019-06-27 13:14:39;2019-06-28 12:02:22;40;8;1;2;2019-07-02 15:49:44;1367,7166666666667;7355,083333333333;3;4;1;2019;2019;2019;27;28;2;6;6;7;13;12;15;14;2;49;2
92769830;44,17886171;1;20;163;0;2019-06-27 13:52:28;2019-06-27 14:23:50;17;10;1;2;2019-07-01 20:24:40;31,366666666666667;6152,2;3;3;0;2019;2019;2019;27;27;1;6;6;7;13;14;20;52;23;24;2
92774155;64,62609366;1;20;120;2;2019-06-27 15:40:59;2019-06-28 17:21:32;0;7;0;2;2019-07-01 07:56:58;1540,55;5295,983333333334;3;4;0;2019;2019;2019;27;28;1;6;6;7;15;17;7;40;21;56;1
92786949;60,49556904;1;20;144;2;2019-06-27 23:09:27;2019-06-28 17:10:48;9;5;1;2;2019-06-30 11:34:52;1081,35;3625,4166666666665;3;4;6;2019;2019;2019;27;28;30;6;6;6;23;17;11;9;10;34;0
92793693;57,77479347;1;20;163;1;2019-06-28 10:10:41;2019-07-01 14:02:10;37;8;1;2;2019-07-01 14:51:00;4551,483333333334;4600,316666666667;4;0;0;2019;2019;2019;28;1;1;6;7;7;10;14;14;10;2;51;2
92797882;61,04021907;1;8;30;0;2019-06-28 11:48:32;2019-06-28 18:00:57;14;10;1;2;2019-06-28 18:01:37;372,4166666666667;373,0833333333333;4;4;4;2019;2019;2019;28;28;28;6;6;6;11;18;18;48;0;1;2
92802299;53,53409625;0;20;152;2;2019-06-28 13:44:44;2019-07-01 14:55:51;26;0;0;2;2019-07-02 15:58:20;4391,116666666667;5893,6;4;0;1;2019;2019;2019;28;1;2;6;7;7;13;14;15;44;55;58;0
92803477;60,04801937;0;20;163;2;2019-06-28 14:14:01;2019-07-01 16:29:28;18;0;0;2;2019-07-01 19:49:22;4455,45;4655,35;4;0;0;2019;2019;2019;28;1;1;6;7;7;14;16;19;14;29;49;0
92819057;40,78411696;1;15;98;1;2019-06-29 01:03:47;2019-07-02 16:10:57;33;10;1;2;2019-07-02 23:27:21;5227,166666666667;5663,566666666667;5;1;1;2019;2019;2019;29;2;2;6;7;7;1;16;23;3;10;27;2
92857297;59,123041;0;17;111;1;2019-07-01 11:09:36;2019-07-02 11:20:06;47;0;0;2;2019-07-02 19:49:51;1450,5;1960,25;0;1;1;2019;2019;2019;1;2;2;7;7;7;11;11;19;9;20;49;0
92891377;54,40282222;0;8;107;2;2019-07-02 09:32:39;2019-07-02 15:52:45;11;1;0;2;2019-07-02 16:04:38;380,1;391,98333333333335;1;1;1;2019;2019;2019;2;2;2;7;7;7;9;15;16;32;52;4;0
92899293;59,46453854;1;15;132;1;2019-07-02 12:17:50;2019-07-03 10:34:40;38;5;1;2;2019-07-03 10:43:54;1336,8333333333333;1346,0666666666666;1;2;2;2019;2019;2019;2;3;3;7;7;7;12;10;10;17;34;43;0
92909187;59,1993312;1;6;55;3;2019-07-02 16:00:24;2019-07-02 16:44:41;2;10;1;2;2019-07-02 16:56:24;44,28333333333333;56,0;1;1;1;2019;2019;2019;2;2;2;7;7;7;16;16;16;0;44;56;2
